MoveName,Type,Category,Power,Accuracy,PP,Description
강철날개,강철,물리,70,90,25,단단한 날개를 상대에게 부딪쳐서 공격한다. 10%의 확률로 자신의 방어가 1랭크 올라간다.
거대해머,강철,물리,160,100,5,거대한 해머를 온몸으로 휘둘러서 공격한다. 2회 연속으로 쓸 수 없다.
거수참,강철,물리,100,100,5,크고 강한 검을 온몸으로 치켜든 다음 기세 좋게 베어서 공격한다.
거수탄,강철,물리,100,100,5,온몸을 강하고 튼튼한 방패로 바꾼 다음 기세 좋게 부딪혀서 공격한다.
골드러시,강철,특수,120,100,5,대량의 코인을 날려서 공격한다. 자신의 특수공격이 1랭크 떨어진다. 배틀 후 얻는 상금이 소폭 증가한다.
금속음,강철,변화,0,85,40,금속을 긁을 때 나는 듯한 싫은 소리를 들려준다. 상대의 특수방어를 2랭크 떨어뜨린다.
기어소서,강철,물리,50,85,10,강철의 기어를 상대에게 던져서 공격한다. 2회 연속으로 데미지를 준다.
기어체인지,강철,변화,0,0,10,톱니바퀴를 돌려서 자신의 공격을 1랭크 올리는 것뿐만 아니라 스피드도 2랭크 올린다.
농성,강철,변화,0,0,10,피부를 강철 방패처럼 단단하게 만들어서 자신의 방어를 2랭크 올린다.
더블펀처,강철,물리,60,100,5,가슴의 너트를 축으로 회전시켜 2번 연속 팔로 힘껏 친다. 30%의 확률로 상대를 풀죽게 만든다.
러스터캐논,강철,특수,80,100,10,몸의 빛을 한곳에 모아서 힘을 방출한다. 10%의 확률로 상대의 특수방어를 1랭크 떨어뜨린다.
마그넷봄,강철,물리,60,0,20,상대에게 달라붙는 강철의 폭탄을 발사한다. 공격은 반드시 명중한다.
메탈버스트,강철,물리,0,100,10,기술을 쓰기 전에 마지막으로 받은 기술의 데미지를 1.5배 늘려서 기술을 쓴 상대에게 돌려준다.
메탈클로,강철,물리,50,95,35,강철의 발톱으로 상대를 베어 갈라 공격한다. 10%의 확률로 자신의 공격이 1랭크 올라간다.
메테오드라이브,강철,물리,100,100,5,유성 같은 기세로 돌진한다. 상대의 특성을 무시하고 공격할 수 있다.
미러샷,강철,특수,65,85,10,갈고닦은 몸에서 섬광의 힘을 상대에게 쏜다. 30%의 확률로 상대의 명중률을 1랭크 떨어뜨린다.
바디퍼지,강철,변화,0,0,10,몸의 쓸모없는 부분을 깎는다. 자신의 스피드를 2랭크 올리고 체중도 100kg 가벼워진다.
불릿펀치,강철,물리,40,100,30,탄환처럼 빠르고 단단한 펀치를 상대에게 날린다. 반드시 선제공격을 할 수 있다.
스마트혼,강철,물리,70,0,10,뾰족한 뿔로 상대를 꿰찔러서 공격한다. 공격은 반드시 명중한다.
아이언롤러,강철,물리,130,100,5,필드를 파괴하면서 공격한다. 필드가 어떤 상태로든 변해 있지 않은 경우 기술은 실패한다.
아이언테일,강철,물리,100,75,15,단단한 꼬리로 상대를 힘껏 쳐서 공격한다. 30%의 확률로 상대의 방어를 떨어뜨린다.
아이언헤드,강철,물리,80,100,15,강철과 같은 단단한 머리로 공격한다. 30%의 확률로 상대를 풀죽게 만든다.
앵커샷,강철,물리,80,100,20,앵커를 상대에게 휘감아서 공격한다. 상대는 도망칠 수 없게 된다.
어시스트기어,강철,변화,0,0,20,기어를 넣는 것으로 특성 플러스와 마이너스의 공격과 특수공격이 1랭크 올라간다.
자이로볼,강철,물리,0,100,5,몸을 고속으로 회전시켜 몸통박치기한다. 상대보다 스피드가 낮을수록 위력은 올라간다.
철벽,강철,변화,0,0,15,피부를 쇠처럼 단단하게 함으로써 자신의 방어를 2랭크 올린다.
철제광선,강철,특수,140,95,5,전신에서 끌어모은 강철을 빔으로 바꿔 세차게 발사한다. 자신도 최대 HP의 1/2만큼 데미지를 받는다.
타키온커터,강철,특수,50,0,10,입자로 된 칼날을 연이어 발사해서 2회 연속으로 데미지를 준다. 공격은 반드시 명중한다.
코멧펀치,강철,물리,90,90,10,혜성과 같은 펀치를 날려서 공격한다. 20%의 확률로 자신의 공격이 올라간다.
킹실드,강철,변화,0,0,10,상대의 공격을 막음과 동시에 방어 태세를 갖춘다. 접촉한 상대의 공격을 1랭크 떨어뜨린다.
파멸의소원,강철,특수,140,100,5,기술을 사용한 2턴 뒤에 무수한 빛의 다발이 상대를 공격한다.
하드프레스,강철,물리,0,100,10,팔이나 집게로 상대를 압박한다. 상대의 HP가 남아 있을수록 위력이 올라간다.
헤비봄버,강철,물리,0,100,10,무거운 몸으로 상대에게 부딪쳐 공격한다. 자신이 상대보다 무거울수록 위력이 올라간다.
휠스핀,강철,물리,100,100,5,발에 부하를 걸어 격렬하게 회전하며 데미지를 준다. 자신의 스피드가 2랭크 떨어진다.
3연화살,격투,물리,90,100,10,발 기술을 사용하고 3개의 화살을 동시에 발사한다. 급소에 맞기 쉽다. 50% 확률로 상대의 방어를 1랭크 떨어뜨린다. 30% 확률로 상대를 풀죽게 만든다.
그로우펀치,격투,물리,40,100,20,반복하여 때리면 점점 주먹이 단단해진다. 상대를 때리면 공격이 1랭크 오른다.
기사회생,격투,물리,0,100,15,힘을 쥐어짜서 공격한다. 자신의 HP가 적을수록 기술의 위력이 올라간다.
기선제압,격투,물리,65,100,15,움직임에 반응하여 손바닥으로 밀쳐서 상대를 풀죽게 만든다. 상대가 쓴 기술이 선제공격 기술이 아니면 실패한다.
기합구슬,격투,특수,120,70,5,기합을 높여서 혼신의 힘을 방출한다. 10% 확률로 상대의 특수방어를 떨어뜨린다.
깨트리기,격투,물리,75,100,15,수도로 기세 좋게 내려쳐서 상대를 공격한다. 빛의장막이나 리플렉터 등도 파괴할 수 있다.
돌려차기,격투,물리,60,80,15,몸을 재빨리 회전시키며 상대를 걷어차서 공격한다. 30%의 확률로 상대를 풀죽게 한다.
두번차기,격투,물리,30,100,30,2개의 다리로 상대를 걷어차서 공격한다. 2회 연속으로 데미지를 준다.
드레인펀치,격투,물리,75,100,10,주먹으로 상대의 힘을 흡수한다. 대상에게 준 데미지의 1/2만큼 체력을 회복한다.
리벤지,격투,물리,60,100,10,상대에게 기술을 받으면 그 상대에게 주는 데미지가 2배가 된다.
로킥,격투,물리,65,100,20,재빠른 움직임으로 상대의 다리를 노려 공격한다. 상대의 스피드를 떨어뜨린다.
마룻바닥세워막기,격투,변화,0,0,15,뒤집어 세운 마룻바닥을 방패로 하여 자신과 같은 편으로 향하는 기술 데미지를 막는다. 변화 기술은 막을 수 없다.
마하펀치,격투,물리,40,100,30,눈에 보이지 않는 굉장한 속도로 펀치를 날린다. 반드시 선제 공격을 할 수 있다.
목숨걸기,격투,특수,0,100,5,목숨을 걸고 상대를 공격한다. 자신은 기절하게 되지만 상대에게 HP만큼의 데미지를 준다.
무릎차기,격투,물리,130,90,10,점프해서 무릎차기로 상대를 공격한다. 빗나가면 자신의 전체 HP의 1/2의 데미지를 입는다.
문어굳히기,격투,변화,0,0,15,상대를 도망칠 수 없게 한다. 굳히기에 당한 상대는 매 턴 방어와 특수방어가 1랭크 떨어진다.
바디프레스,격투,물리,80,100,10,몸을 부딪쳐서 공격한다. 방어가 높을수록 주는 데미지가 올라간다.
바위깨기,격투,물리,40,100,15,펀치로 공격한다. 50% 확률로 상대의 방어를 1랭크 떨어뜨린다.
받아던지기,격투,물리,70,0,10,상대보다 나중에 공격한다. 그 대신 자신의 공격은 반드시 명중한다.
발경,격투,물리,60,100,10,상대의 몸에 충격파를 부딪쳐 공격한다. 30% 확률로 마비 상태로 만든다.
발꿈치찍기,격투,물리,120,90,10,발꿈치를 들어 올린 뒤 내리찍어 공격한다. 30%의 확률로 상대를 혼란 상태로 만든다. 빗나가면 자신이 전체 HP의 1/2만큼 피해를 입는다.
배대뒤치기,격투,물리,80,100,10,상대를 내던져서 교대할 포켓몬을 끌어낸다. 야생의 경우에는 배틀이 끝난다.
배수의진,격투,변화,0,100,5,자신의 모든 능력이 올라가지만 교체하거나 도망칠 수 없게 된다.
벌크업,격투,변화,0,0,20,몸에 힘을 담아 근육을 두껍게 해서 자신의 공격과 방어를 1랭크 올린다.
성스러운칼,격투,물리,90,100,15,칼로 베어 공격한다. 상대의 능력 변화에 상관없이 데미지를 준다.
손바닥치기,격투,물리,15,100,20,펼친 양손으로 상대를 번갈아 쳐서 공격한다. 2-5회 동안 연속으로 쓴다.
신비의칼,격투,특수,85,100,10,긴 뿔로 베어 공격한다. 뿔이 먹금은 이상한 힘은 물리적인 데미지를 준다.
스카이어퍼,격투,물리,85,90,15,하늘을 향하는 듯한 높은 어퍼로 상대를 밀어올려 공격한다. 공중날기 상태의 상대에게도 기술을 명중시킬 수 있다.
스타어설트,격투,물리,150,100,5,굵은 줄기를 휘둘러서 공격한다. 단 자신도 비틀거리기 때문에 다음 턴은 움직일 수 없다.
승리의춤,격투,변화,0,0,10,"승리를 부르는 춤을 격렬하게 춘다. 자신의 공격, 방어, 스피드를 1랭크 올린다."
안다리걸기,격투,물리,0,100,20,발을 강하게 걸고 상대를 넘어뜨려 공격한다. 상대가 무거울수록 위력이 올라간다.
암해머,격투,물리,100,90,10,강하고 무거운 주먹을 휘둘러 데미지를 준다. 명중 후 사용자의 스피드가 1랭크 하락한다.
액셀브레이크,격투,물리,100,100,5,변형하며 거칠게 낙하한 다음 고대의 대폭발을 일으킨다. 약점인 상대에게는 위력이 더욱 올라간다.
엄청난힘,격투,물리,120,100,5,엄청난 힘을 발휘하여 상대를 공격한다. 사용 후 자신의 공격과 방어가 1랭크 떨어진다.
업어후리기,격투,물리,60,100,20,강렬한 일격을 상대에게 날린다. 공격은 반드시 급소에 맞는다.
인파이트,격투,물리,120,100,5,방어를 포기하고 상대 쪽으로 깊숙이 돌격한다. 사용 후 사용자의 방어와 특수방어가 1랭크 떨어진다.
잠깨움뺨치기,격투,물리,70,100,10,잠듦 상태의 상대에게 2배의 데미지를 준다. 상대의 잠듦 상태를 치료한다.
점프킥,격투,물리,100,95,10,높이 점프해서 킥으로 상대를 공격한다. 빗나가면 자신이 전체 HP의 1/2의 데미지를 입는다.
지구던지기,격투,물리,0,100,20,인력을 사용해 내던진다. 자신의 레벨과 똑같은 데미지를 상대에게 준다.
지옥의바퀴,격투,물리,80,80,25,땅에 자신과 함께 상대를 내던져 공격한다. 자신도 1/4의 데미지를 입는다.
진공파,격투,특수,40,100,30,주먹을 흔들어 진공의 파도를 일으킨다. 반드시 선제 공격을 할 수 있다.
천둥차기,격투,물리,90,100,10,번개 같은 움직임으로 상대를 농락하며 킥을 날린다. 상대의 방어를 1랭크 떨어뜨린다.
카운터,격투,물리,0,100,20,상대로부터 받은 물리공격의 데미지를 2배로 만들어 그 상대에게 돌려준다.
코칭,격투,변화,0,0,10,적절한 지도를 통해서 같은 펴 전원의 공격과 방어를 1랭크 올린다.
크로스촙,격투,물리,100,80,5,양손으로 당수를 상대에게 힘껏 쳐서 공격한다. 급소에 맞기 쉽다.
태권당수,격투,물리,50,100,25,날카로운 당수로 상대를 가격한다. 급소에 맞히기 쉽다.
트리플킥,격투,물리,10,90,10,3회 연속으로 킥을 날려 공격한다. 기술이 맞을 때마다 위력이 올라간다.
파동탄,격투,특수,80,0,20,몸 속에서 파동의 힘을 끌어내 쏜다. 공격은 반드시 명중한다.
파이트액셀,격투,물리,100,100,10,30% 확률로 상대를 마비 상태로 만든다.
판별,격투,변화,0,0,5,상대의 공격을 전혀 받지 않는다. 연속으로 쓰면 실패하기 쉽다.
패스트가드,격투,변화,0,0,15,아군 전원을 상대의 선제공격으로부터 보호한다.
폭발펀치,격투,물리,100,50,5,혼신의 힘으로 펀치를 날려서 공격한다. 상대를 반드시 혼란시킨다.
플라잉프레스,격투,물리,100,95,10,공중에서 상대에게 다이브한다. 대상이 작아지기를 사용했다면 필중하며 위력이 2배다. 이 기술은 격투타입임과 동시에 비행타입이기도 한다.
힘껏펀치,격투,물리,150,100,20,정신력을 높여 펀치를 날린다. 기술을 쓰기 전에 공격을 받으면 실피한다.
고스트다이브,고스트,물리,90,100,10,1턴째에 어디론가 사라져서 2턴째에 상대를 공격한다. 기술 방어를 무시하고 공격할 수 있다.
괴상한바람,고스트,특수,60,100,5,소름이 끼칠 만한 돌풍으로 상대를 공격한다. 10% 확률로 자신의 모든 능력이 1랭크 올라간다.
그림자꿰매기,고스트,물리,80,100,10,공격과 동시에 상대의 그림자를 꿰메 도망칠 수 없게 한다.
길동무,고스트,변화,0,0,5,기술을 쓴 뒤 공격을 받아 기절했을 때 공격한 상대도 기절하게 한다.
나이트헤드,고스트,특수,0,100,15,무시무시한 환상을 보게 해서 자신의 레벨과 똑같은 만큼의 데미지를 상대에게 준다.
놀래키기,고스트,물리,30,100,15,큰 소리 등으로 불시에 놀래켜서 공격한다. 30% 확률로 상대를 풀죽게 만든다.
백귀야행,고스트,특수,60,100,15,무수히 많은 불덩이로 공격한다. 30% 확률로 상대를 화상 상태로 만든다. 상대가 상태이상인 경우 위력이 2배가 된다.
병상첨병,고스트,특수,65,100,10,엎친 데 덮친 격으로 공격한다. 상태 이상인 상대에게 큰 데미지를 준다.
분노의주먹,고스트,물리,50,100,10,분노를 에너지로 바꿔서 공격한다. 받은 공격의 횟수가 많을수록 기술의 위력이 올라간다.
섀도다이브,고스트,물리,120,100,5,1턴째에 모습을 감춰 2턴째에 상대를 공격한다. 방어하고 있어도 공격은 맞는다.
섀도레이,고스트,특수,100,100,5,괴상한 광선을 쏘아 공격한다. 상대의 특성을 무시하고 공격할 수 있다.
섀도본,고스트,물리,85,100,10,영혼이 머물고 있는 뼈로 상대를 세게 때려서 공격한다. 20% 확률로 상대의 방어를 1랭크 떨어뜨린다.
섀도볼,고스트,특수,80,100,15,까만 그림자의 덩어리를 내던져서 공격한다. 20% 확률로 상대의 특수방어를 1랭크 떨어뜨린다.
섀도스틸,고스트,물리,90,100,10,상대의 그림자에 숨어들어 상대의 능력이 올라가는 것을 뺏어 공격한다.
섀도클로,고스트,물리,70,100,15,그림자로 만든 날카로운 발톱으로 상대를 베어 가른다. 급소에 맞을 확률이 높다.
섀도펀치,고스트,물리,60,0,20,그림자에 섞인 펀치를 날린다. 공격은 반드시 명중한다.
성묘,고스트,물리,50,100,10,동료의 한을 풀어 주기 위해 공격한다. 쓰러진 같은 편 포켓몬이 많을수록 기술의 위력이 올라간다.
아스트랄비트,고스트,특수,120,100,5,수많은 작은 영체를 상대에게 부딪쳐서 공격한다.
악몽,고스트,변화,0,100,15,잠듦 상태의 상대에게 악몽을 꾸게 하여 매 턴 최대 체력의 1/4만큼씩 HP를 떨어뜨려 간다.
야습,고스트,물리,40,100,30,그림자를 늘려 상대의 배후에서 공격한다. 반드시 선제공격할 수 있다.
원념,고스트,변화,0,0,5,상대의 기술로 기절하면 원념을 담아 그 기술의 PP를 0으로 만든다.
원한,고스트,변화,0,100,10,상대가 마지막으로 사용한 기술에 원한을 품어 그 기술의 PP를 4만큼 줄인다.
이상한빛,고스트,변화,0,100,10,이상한 빛을 상대에게 비춰 당황하게 한다. 상대를 혼란시킨다.
저주,고스트,변화,0,0,10,기술을 쓰는 포켓몬이 고스트 타입일 때와 그 이외의 타입일 때 효과가 다르다.
천추지한,고스트,특수,80,100,15,등골이 서늘해지는 원념으로 공격해서 상대의 공격을 1랭크 떨어뜨린다.
폴터가이스트,고스트,물리,110,90,5,상대가 지닌 물건을 조종해서 공격한다. 상대가 도구를 지니고 있지 않으면 실패한다.
핥기,고스트,물리,30,100,30,긴 혀로 상대를 핥아서 공격한다. 30% 확률로 상대를 마비 상태로 만들 때가 있다.
핼러윈,고스트,변화,0,100,20,상대를 핼러윈으로 초대한다. 상대 타입에 고스트 타입이 추가된다.
HP회복,노말,변화,0,0,5,세포를 재생시켜 자신의 최대 HP의 절반만큼 HP를 회복한다.
가시대포,노말,물리,20,100,15,날카로운 침을 상대에게 발사해서 공격한다. 2-5회 동안 연속으로 쓴다.
가위자르기,노말,물리,0,30,5,큰 집게로 상대를 베어 갈라 공격한다. 맞으면 일격에 기절한다.
각지기,노말,변화,0,0,30,몸의 각을 늘려서 더욱 각지게 하여 자신의 공격을 1랭크 올린다.
간지르기,노말,변화,0,100,20,몸을 간질여 웃게 만들어서 상대의 공격과 방어를 1랭크 떨어뜨린다.
객기,노말,물리,70,100,20,"자신이 독, 마비, 화상 상태일 때 날리면 기술의 위력이 2배가 된다."
검은눈빛,노말,변화,0,0,5,빨려 들어갈 것 같은 까만 눈빛으로 가만히 응시하여 상대를 배틀에서 도망갈 수 없게 한다.
겁나는얼굴,노말,변화,0,100,10,무서운 얼굴로 노려보고 겁주어 상대의 스피드를 2랭크 떨어뜨린다.
게으름피우기,노말,변화,0,0,5,게으름 피우며 쉰다. 자신의 HP를 최대 HP의 절반만큼 회복한다.
경혈찌르기,노말,변화,0,0,30,경혈을 눌러 몸을 활성화시킨다. 능력 중 하나를 2랭크 올린다.
고속스핀,노말,물리,50,100,40,"회전해서 상대를 공격한다. 조이기, 김밥말이, 씨뿌리기 등의 효과를 날려 버린다. 자신의 스피드가 1랭크 올라간다."
고양이돈받기,노말,물리,40,100,20,상대의 몸에 돈을 세게 던져서 공격한다. 배틀 후에 돈을 받을 수 있다.
괴력,노말,물리,80,100,15,혼신의 힘으로 상대를 세게 때려서 공격한다. 무거운 돌을 밀 수도 있다.
구슬던지기,노말,물리,15,85,20,둥근 것을 상대에게 내던져서 공격한다. 2-5회 동안 연속으로 쓴다.
그림자분신,노말,변화,0,0,15,재빠른 움직임으로 분신을 만들어 상대를 혼란시켜 회피율을 1랭크 올린다.
기가임팩트,노말,물리,150,90,5,가진 힘을 모두 사용해서 상대에게 돌격한다. 다음 턴은 움직일 수 없다.
기충전,노말,변화,0,0,30,깊게 숨을 들이마셔 기합을 넣는다. 자신의 공격이 급소에 맞을 확률을 2랭크 올린다.
기프트패스,노말,변화,0,0,15,상대가 도구를 지니고 있지 않을 때 자신이 지니고 있는 도구를 상대에게 건넨다.
김밥말이,노말,물리,15,90,20,긴 몸이나 덩굴을 사용해 4-5턴 동아 상대를 휘감아 공격한다.
껍질깨기,노말,변화,0,0,15,"껍질을 깨서 자신의 방어와 특수방어를 1랭크 떨어뜨리지만 공겨과 특수공격, 스피드를 2랭크 올린다."
꼬리자르기,노말,변화,0,0,20,자신의 HP를 깎아서 분신을 만든 뒤 돌아와서 교대 포켓몬과 교체한다.
꼬리흔들기,노말,변화,0,100,30,꼬리를 좌우로 귀엽게 흔들어 방심을 유도한다. 상대의 방어를 1랭크 떨어뜨린다.
꿀꺽,노말,변화,0,0,10,비축된 힘을 삼켜서 자신의 HP를 회복한다. 비축된 만큼 회복한다.
꿰둟어보기,노말,변화,0,0,40,고스트타입에 효과가 없는 기술이나 회피율이 높은 상대라 할지라도 공격이 맞게 된다.
난동부리기,노말,물리,120,100,10,2-3턴 동안 마구 난동 부려서 공격한다. 난동 부린 뒤에는 혼란에 빠진다.
날려버리기,노말,변화,0,0,20,상대를 날려버려서 교대할 포켓몬을 끌어낸다. 야생의 경우에는 배틀이 끝난다.
날따름,노말,변화,0,0,20,자신에게 시선을 집중시켜 상대로부터 공격을 모두 자신에게 향하게 한다.
냄새구별,노말,변화,0,0,40,고스트타입에 효과가 없는 기술이나 회피율이 높은 상대라 할지라도 공격이 맞게 된다.
노래하기,노말,변화,0,55,15,기분 좋게 예쁜 노랫소리를 들려주어 상대를 잠듦 상태로 만든다.
누르기,노말,물리,85,100,15,몸 전체로 상대를 덮쳐눌러 공격한다. 30% 확률로 마비 상태로 만든다. 대상이 작아지기를 사용했다면 필중하며 데미지가 2배다.
눈물그렁그렁,노말,변화,0,0,20,눈물을 그렁그렁거려 상대의 전의를 상실하게 한다. 상대의 공격과 특수공격이 1랭크 떨어진다.
다과회,노말,변화,0,0,10,배틀에 나와 있는 포켓몬이 각자 지니고 있는 나무열매를 먹는다.
단단해지기,노말,변화,0,0,30,전신에 힘을 담아 몸을 단단하게 해서 자신의 방어를 1랭크 올린다.
달콤한향기,노말,변화,0,100,20,향기로 상대의 회피율을 2랭크 떨어뜨린다. 풀밭 등에서 쓰면 포켓몬이 다가온다.
당신먼저,노말,변화,0,0,15,상대의 행동을 도와서 자신이 행동한 뒤에 바로 움직일 수 있도록 한다.
대지의파동,노말,특수,50,100,10,필드의 힘을 빌려서 공격한다. 사용했을 때의 필드 상태에 따라서 기술 타입과 위력이 바뀐다.
대타출동,노말,변화,0,0,10,자신의 HP를 1/4 깎아서 분신을 만든다. 분신은 자신의 대타가 된다.
대폭발,노말,물리,250,100,5,큰 폭발로 자신의 주위에 있는 포켓몬을 공격한다. 쓰고 나서는 기절한다.
더블어택,노말,물리,35,90,10,꼬리 등을 써서 상대를 때려 공격한다. 2회 연속으로 데미지를 준다.
도우미,노말,변화,0,0,20,동료를 돕는다. 도움받은 포켓몬이 쓰는 기술의 위력은 여느 때보다 커진다.
돌림노래,노말,특수,60,100,15,노래로 상대를 공격한다. 함께 돌림노래를 하면 계속해서 쓸 수 있고 위력도 2배로 올라간다.
돌진,노말,물리,90,85,20,굉장한 기세로 상대에게 부딪쳐 공격한다. 자신도 대상에게 준 피해의 1/4만큼 반동피해를 받는다.
동료만들기,노말,변화,0,100,15,이상한 리듬으로 춤춘다. 움직임을 흉내 내게 해서 상대의 특성을 자신의 특성과 같게 만든다. 사용자와 대상의 특성이 같을 경우 실패한다.
레이징불,노말,물리,90,100,10,분노해 날뛰는 성난소의 맹렬한 태클. 폼에 따라 기술의 타입이 달라지고 빛의장막이나 리플렉터 등도 파괴할 수 있다.
로켓박치기,노말,물리,130,100,10,1턴째에 머리를 움츠려 방어를 1랭크 올린다. 2턴째는 상대를 공격한다.
록온,노말,변화,0,0,5,조준을 잘 맞춰 다음 공격이 반드시 상대에게 명중하도록 한다.
록클라임,노말,물리,90,85,20,굉장한 기세로 상대에게 돌진하여 공격한다. 20%의 확률로 상대를 혼란 상태로 만든다.
리사이클,노말,변화,0,0,10,배틀 중에 사용하여 없어진 자신의 지닌 물건을 재생시켜 사용할 수 있게 한다.
리프레시,노말,변화,0,0,20,"몸을 쉬게 하여 자신이 입은 독, 마비, 화상의 상태 이상을 치료한다."
마구찌르기,노말,물리,15,85,20,뿔이나 부리로 상대를 찔러서 공격한다. 2-5회 동안 연속으로 쓴다.
마구할퀴기,노말,물리,18,80,15,발톱이나 낫 등으로 상대를 할퀴어서 공격한다. 2-5회 동안 연속으로 쓴다.
마음의눈,노말,변화,0,0,5,상대의 움직임을 마음으로 읽고 다음 공격이 반드시 명중되게 한다.
마지막수단,노말,특수,0,0,5,마지막수단은 남은 PP가 적으면 적을수록 기술의 위력이 올라간다.
막치기,노말,물리,40,100,35,긴 꼬리나 손 등을 사용하여 상대를 때려서 공격한다.
멀리짖기,노말,변화,0,0,40,큰 소리로 짖고 기합을 높여 아군 전체의 공격을 1랭크 올린다.
멀티어택,노말,물리,120,100,10,높은 에너지를 둘러싸 상대에게 부딪쳐 공격한다. 메모리에 따라 타입이 바뀐다.
메가톤킥,노말,물리,120,75,5,굉장한 힘을 담은 킥으로 상대를 걷어차서 공격한다.
메가톤펀치,노말,물리,80,85,20,힘을 담은 펀치로 상대를 공격한다.
멸망의노래,노말,변화,0,0,5,노래를 들은 포켓몬은 3턴이 지나면 기절한다. 교체되면 효과가 없어진다.
몸통박치기,노말,물리,40,100,35,상대를 향해서 몸 전체를 부딪쳐가며 공격한다.
묵사발,노말,물리,0,100,5,굉장한 힘으로 상대를 묵사발로 만든다. 상대의 HP가 남아 있을수록 위력이 올라간다.
미러타입,노말,변화,0,0,15,상대의 타입을 반사해서 자신도 똑같은 타입이 된다.
바둥바둥,노말,물리,0,100,15,바둥바둥 난동부려서 공격한다. 자신의 HP가 적을수록 기술의 위력이 올라간다.
박치기,노말,물리,70,100,15,머리를 내밀고 무작정 돌진하여 공격한다. 30% 확률로 풀죽게 만든다. 나무를 흔들어 포켓몬을 떨어뜨릴 수도 있다.
발버둥,노말,물리,50,0,1,자신의 PP가 떨어지면 발버둥쳐 상대를 공격한다. 자신도 조금 데미지를 입는다.
방어,노말,변화,0,0,10,상대의 공격을 전혀 받지 않는다. 연속으로 쓰면 실패하기 쉽다.
배북,노말,변화,0,0,10,자신의 HP를 최대 HP의 절반만큼 감소시켜 자신의 공격을 최대로 올린다.
배턴터치,노말,변화,0,0,40,교대 포켓몬과 교체한다. 능력 변화는 교대 포켓몬이 그대로 이어받는다.
뱀눈초리,노말,변화,0,100,30,배의 무늬로 겁을 주어 상대를 마비 상태로 만든다.
버티기,노말,변화,0,0,10,공격을 받아도 HP를 반드시 1만큼은 남긴다. 연속으로 쓰면 실패하기 쉽다.
베껴그리기,노말,변화,0,100,10,상대의 본질을 꿰둟어 보고 베껴서 자신과 같은 편을 상대와 같은 특성으로 바꾼다.
베어가르기,노말,물리,70,100,20,발톱이나 낫 등올 상대를 베어 갈라서 공격한다. 급소에 맞을 확률이 높다.
변신,노말,변화,0,0,10,상대 포켓몬으로 변신하여 상대와 완전히 똑같은 기술을 사용할 수 있다.
보호색,노말,변화,0,0,20,"물가나 풀밭, 동굴 등 있는 장소에 맞춰서 자신의 타입을 바꾼다."
볼가득넣기,노말,변화,0,0,10,지니고 있는 나무열매를 먹고 방어를 2랭크 올린다.
부르짖기,노말,변화,0,100,30,우렁차게 부르짖어서 상대를 위협하여 상대의 공격과 특수공격을 1랭크 떨어뜨린다.
분노,노말,물리,20,100,20,기술을 썼을 때 공격을 받으면 분노의 힘으로 공격이 1랭크 올라간다.
분노의앞니,노말,물리,0,90,10,날카로운 앞니로 강하게 물어서 공격한다. 상대의 HP는 절반이 된다.
분발,노말,변화,0,0,30,스스로 분발해서 공격과 특수공격을 1랭크 올린다.
브레이크클로,노말,물리,75,95,10,단단하고 날카로운 손톱으로 베어 갈라서 공격한다. 50% 확률로 상대의 방어를 1랭크 떨어뜨린다.
블러드문,노말,특수,140,100,5,피와 같이 붉은 보름달에서 혼신의 기백을 발사한다. 이 기술은 2회 연속으로 쓸 수 없다.
블록,노말,변화,0,0,5,양팔을 벌려 막아서서 상대의 도주로를 가로막아 도망칠 수 없게 한다.
비밀의힘,노말,물리,70,100,20,비밀의 힘으로 공격한다. 사용 장소에 따라 30% 확률로 추가효과가 변화한다.
비밀이야기,노말,변화,0,0,20,비밀 이야기를 해서 상대의 집중력을 잃게 하여 특수공격을 1랭크 떨어뜨린다. 방어 계열 기술을 무시한다.
비장의무기,노말,물리,140,100,5,배틀 중에 기억하고 있는 기술을 모두 사용하면 그때부터 쓸 수 있는 비장의 기술.
비축하기,노말,변화,0,0,20,힘을 비축해서 자신의 방어와 특수방어를 1랭크 올린다. 최대 3회까지 비축할 수 있다.
뽐내기,노말,변화,0,85,15,상대에게 화내게 해서 혼란 시킨다. 분노로 상대의 공격은 2랭크 올라가 버린다.
뿔드릴,노말,물리,0,30,5,회전하는 뿔을 상대에게 꿰찔러서 공격한다. 맞으면 일격에 기절한다.
뿔찌르기,노말,물리,65,100,25,날카롭고 뾰족한 뿔로 상대를 공격한다.
사슬묶기,노말,변화,0,100,20,상대의 움직임을 막아 바로 전에 쓴 기술을 4턴 동안 사용할 수 없게 만든다.
선취,노말,변화,0,0,20,위력을 1.5배 올려 상대가 쓰려고 하는 기술을 먼저 쓴다. 먼저 쓰지 않으면 실패한다.
성장,노말,변화,0,0,20,몸을 일시에 크게 성장시켜 자신의 공격과 특수공격을 1랭크 올린다. 쾌청 상태일 때는 2랭크 올라간다.
소닉붐,노말,특수,0,90,20,충격파를 상대에 부딪쳐서 공격한다. 언제나 20의 데미지를 준다.
소란피기,노말,특수,90,100,10,"2-5턴 동안 소란피워 공격한다. 그 동안은 아무도 잠들지 않게 된다. 광합성, 아침햇살, 달빛의 회복량이 1/4로 감소한다."
속이기,노말,물리,40,100,10,선제공격으로 상대를 풀죽게 한다. 배틀에 나가서 바로 쓰지 않으면 성공할 수 없다.
손가락흔들기,노말,변화,0,0,10,손가랑을 흔들어 자신의 뇌를 자극해서 모든 기술 중 어느 하나를 날린다.
손에손잡기,노말,변화,0,0,40,같은 편 포켓몬끼리 손에 손을 잡는다. 굉장히 행복한 기분이 들게 된다.
스위프뺨치기,노말,물리,25,85,10,단단한 꼬리로 상대를 때려서 공격한다. 2-5회 동안 연속으로 쓴다.
스케치,노말,변화,0,0,1,상대가 쓴 기술을 자신의 것으로 만든다. 한 번 사용하면 스케치는 사라진다.
스포트라이트,노말,변화,0,0,15,대상을 지정해 상대방의 공격을 모두 대상이 받게 된다.
스피드스타,노말,특수,60,0,20,별 모양의 빛을 발사해서 상대를 공격한다. 공격은 반드시 명중한다.
신비의부적,노말,변화,0,0,25,5턴 동안 이상한 힘의 보호를 받아 상태 이상이 되지 않는다.
신속,노말,물리,80,100,5,눈에 보이지 않는 굉장한 속도로 상대에게 돌진하여 공격한다. 상대방보다 먼저 공격한다.
싫은소리,노말,변화,0,85,20,그만 귀를 막아버리고 싶은 싫은 소리를 내어 상대의 방어를 2랭크 떨어뜨린다.
심판의뭉치,노말,특수,100,100,10,무수한 광탄을 방출한다. 자신이 가지고 있는 플레이트에 따라 타입이 바뀐다.
심플빔,노말,변화,0,100,15,수수께끼의 염력파를 상대에게 보낸다. 염력파를 받은 상대는 특성이 단순으로 바뀐다.
아침햇살,노말,변화,0,0,5,사용자의 HP를 회복한다. 날씨에 따라 회복량이 변한다.
아프로브레이크,노말,물리,120,100,15,굉장한 아프로 머리로 상대를 돌진하여 공격한다. 자신도 대상에게 준 피해의 1/4만큼 데미지를 입는다.
아픔나누기,노말,변화,0,0,20,자신의 HP와 상대의 HP를 합친 것을 자신과 상대가 사이좋게 나눈다.
악마의키스,노말,변화,0,75,10,무서운 얼굴로 키스한다. 상대를 잠듦 상태로 만든다.
알낳기,노말,변화,0,0,5,자신의 최대 HP 절반을 회복한다. 동료의 HP를 1/5만큼 회복시킨다.
알폭탄,노말,물리,100,75,10,큰 알을 온 힘을 다해 상대엑 내던져서 공격한다.
앙코르,노말,변화,0,100,5,상대에게 앙코르를 외쳐서 기술을 3번 연속으로 쓰게 한다.
야금야금,노말,물리,70,100,20,틈을 보며 착실하게 공격한다. 상대의 능력 변화에 관계없이 데미지를 준다.
에코보이스,노말,특수,40,100,15,울리는 목소리로 상대를 공격한다. 매 턴 누군가 이 기술을 계속해서 쓰면 위력이 올라간다.
연막,노말,변화,0,100,20,연기나 먹물을 내뿜어 상대의 명중률을 1랭크 떨어뜨린다.
연속뺨치기,노말,물리,15,85,10,연속 뺨치기로 상대를 때려서 공격한다. 2-5회 동안 연속으로 쓴다.
연속펀치,노말,물리,18,85,15,노도 같은 펀치로 상대를 세게 때려서 공격한다. 2-5회 동안 연속으로 쓴다.
예민해지기,노말,변화,0,0,30,정신을 집중해서 다음 공격을 반드시 급소에 맞춘다.
옛노래,노말,특수,75,100,10,옛노래를 상대에게 들려주고 마음에 호소하여 공격한다. 10% 확률로 상대를 잠듦 상태로 만든다.
우유마시기,노말,변화,0,0,5,자신의 HP를 최대 HP의 절반만큼 회복한다. 동료의 HP를 1/5만큼 회복시킨다.
울부짖기,노말,변화,0,0,20,상대를 도망가게 해서 교대할 포켓몬을 끌어낸다. 야생의 경우에는 배틀이 끝난다.
울음소리,노말,변화,0,100,40,귀여운 울음소리를 들려주고 관심을 끌어 방심한 사이에 상대의 공격을 1랭크 떨어뜨린다.
웅크리기,노말,변화,0,0,40,몸을 둥글게 웅크려서 자신의 방어를 1랭크 올린다. 사용 후 구르기나 아이스볼을 사용하면 위력이 2배다.
원수갚기,노말,물리,70,100,5,쓰러진 같은 편의 원수를 갚는다. 앞 턴에서 같은 편이 쓰러졌다면 위력이 2배로 올라간다.
웨더볼,노말,특수,50,100,10,사용했을 때의 날씨에 따라서 기술 타입과 위력이 바뀐다.
유혹,노말,변화,0,100,20,수컷은 암컷을 암컷은 수컷을 유혹하여 상대의 특수공격을 2랭크 떨어뜨린다. 상대의 성별이 같거나 둔감 특성이면 실패한다.
은혜갚기,노말,물리,0,100,20,트레이너를 위해 전력으로 상대를 공격한다. 친밀할수록 위력이 올라간다.
이판사판태클,노말,물리,120,100,15,목숨을 걸고 상대에게 돌진하여 공격을 한다. 자신도 대상에게 준 피해의 1/3만큼 반동 피해를 받는다.
자기암시,노말,변화,0,0,10,자신에게 암시를 걸어서 능력 변화 상태를 상태와 같게 만든다.
자연의은혜,노말,물리,0,100,15,나무열매에서 힘을 얻어 공격한다. 지니게 한 나무열매에 따라 기술의 타입과 위력이 바뀐다.
자연의힘,노말,변화,0,0,20,자연의 힘으로 공격한다. 사용하는 장소에 따라 나오는 기술이 변화한다.
자폭,노말,물리,200,100,5,폭발을 일으켜서 자신의 주위에 있는 포켓몬을 공격한다. 쓰고 나서 기절하게 된다.
작아지기,노말,변화,0,0,10,몸을 축호아여 작게 보임으로써 회피율을 2랭크 올린다.
잠꼬대,노말,변화,0,0,10,자신이 배운 기술 중 하나를 무작위로 날린다. 자신이 잠들어 있을 때만 쓸 수 있다.
잠재댄스,노말,특수,90,100,15,전력으로 춤추며 공격한다. 이 기술의 타입은 자신의 타입과 같아진다.
잠재파워,노말,특수,60,100,15,사용자에 따라 타입이 바뀐다.
잼잼펀치,노말,물리,70,100,10,리드미컬한 펀치를 날려 공격한다. 20% 확률로 상대를 혼란 시킨다.
적당히손봐주기,노말,물리,40,100,40,적당히 공격하여 상대의 HP를 반드시 1은 남긴다.
전광석화,노말,물리,40,100,30,눈에 보이지 않는 속도로 상대에게 돌진한다. 반드시 선제공격할 수 있다.
정리정돈,노말,변화,0,0,10,"압정뿌리기, 스텔스록, 끈적끈적네트, 독압정, 대타출동을 모두 정리한다. 자신의 공격과 스피드가 1랭크 올라간다."
정신차리기,노말,물리,70,100,10,마비 상태의 상대에게는 위력이 2배가 되지만 그 대신 상대의 마비가 풀린다.
제살깎기,노말,변화,0,0,10,"자신의 HP를 최대 HP의 절반만큼 깎아서 자신의 공격, 특수공격, 스피드를 2랭크 올린다."
조수,노말,변화,0,0,20,서둘러서 같은 편의 도움을 받아 교대 포켓몬이 기억하고 있는 기술 중 하나를 쓴다.
조이기,노말,물리,15,85,20,긴 몸이나 덩굴을 써서 4-5턴 동안 상대를 조여 공격한다.
주술,노말,변화,0,0,30,하늘을 향해 기도를 올려 5턴 동안 상대의 공격을 급소에 맞지 않게 한다.
죽기살기,노말,물리,0,100,5,상대의 HP가 자신의 HP와 같아지도록 데미지를 준다.
쥐어짜기,노말,특수,0,100,5,강하게 조여 공격을 한다. 상대의 HP가 많이 남아있을수록 위력이 올라간다.
짓밟기,노말,물리,65,100,20,큰 발로 상대를 짓밟아서 공격한다. 30% 확률로 상대를 풀죽게 한다. 대상이 작아지기를 사용했다면 필중하며 데미지가 2배다.
째려보기,노말,변화,0,100,30,날카로운 눈초리로 겁을 주어 상대의 방어를 1랭크 떨어뜨린다.
찍찍베기,노말,물리,20,90,10,여기저기서 동료들을 모아서 화려한 콤비네이션으로 공격한다. 1-10회 연속으로 공격한다.
찝기,노말,물리,55,100,30,상대를 양쪽에서 집어서 데미지를 준다.
참기,노말,물리,0,0,10,2턴 동안 공격을 견뎌 입은 데미지를 2배로 만들어 상대에게 돌려준다.
초음파,노말,변화,0,55,20,특수한 음파를 몸에서 발산하여 상대를 혼란 상태로 만든다.
축하,노말,변화,0,0,40,포켓몬이 매우 행복한 당신을 축하해 준다.
치료방울,노말,변화,0,0,5,기분 좋은 방울 소리를 들려주어 같은 편 전원의 상태 이상을 회복한다.
친해지기,노말,변화,0,0,20,상대와 친해져서 싸울 마음을 잃게 하여 상대의 공격을 1랭크 떨어뜨린다. 방어나 대타출동에 막히지 않는다.
칼등치기,노말,물리,40,100,40,상대의 HP가 반드시 1만큼 남도록 조절하여 공격한다.
칼바람,노말,특수,80,100,10,바람의 칼날을 만들어 2턴째에 공격한다. 급소에 맞을 확률이 높다.
칼춤,노말,변화,0,0,20,싸움의 춤을 격렬하게 춰서 기세를 높인다. 자신의 공격을 2랭크 올린다.
코골기,노말,특수,50,100,15,자신이 잠들어 있을 때 소음을 내어 공격한다. 30% 확률로 상대를 풀죽게 만든다.
코트체인지,노말,변화,0,100,10,이상한 힘으로 서로의 필드 효과를 교체한다.
탐내기,노말,물리,60,100,25,귀엽게 애교부리며 상대에게 다가가 지니고 있는 도구를 뺏는다.
테라버스트,노말,특수,80,100,10,테라스탈 중이면 테라스탈타입의 에너지를 방출해서 공격한다. 공격과 특수공격을 비교해서 높은 쪽으로 데미지를 준다.
테라클러스터,노말,특수,120,100,5,결정의 힘을 내리쬐어 적을 없애 버린다. 테라파고스가 스텔라폼일 때 사용하면 모든 상대에게 데미지를 준다.
테크노버스터,노말,특수,120,100,5,광탄을 상대에게 방출한다. 자신이 지니고 있는 카세트에 의해 타입이 바뀐다.
텍스처,노말,변화,0,0,30,자신의 타입을 배운 기술 중 가장 위에 있는 기술과 같은 타입으로 바뀐다.
텍스처2,노말,변화,0,0,30,상대가 마지막으로 쓴 기술에 저항할 수 있도록 자신의 타입을 변화시킨다.
토해내기,노말,특수,0,100,10,비축된 힘을 상대에게 부딪쳐서 공격한다. 비축된 만큼 위력이 올라간다.
튀어오르기,노말,변화,0,0,40,공격도 하지 않고 팔딱팔딱 튈 뿐 아무 일도 일어나지 않는다…
트라이어택,노말,특수,80,100,10,"3개의 광선으로 공격한다. 20% 확률로 상대를 마비, 화상 또는 얼음 상태로 만든다."
파괴광선,노말,특수,150,90,5,강한 광선을 상대에게 발사하여 공격한다. 다음 턴은 움직일 수 없다.
파워시프트,노말,변화,0,0,10,자신의 공격력과 방어력을 바꾼다.
페인트,노말,물리,30,100,10,방어나 판별을 하고 있는 상대에게 공격할 수 있다. 방어 효과를 해제시킨다.
폭음파,노말,특수,140,100,10,무시무시한 폭음의 파괴력으로 주위에 있는 모든 포켓몬을 공격한다.
풀베기,노말,물리,50,95,30,낫이나 발톱 등으로 상대를 베어 공격한다.
프레젠트,노말,물리,0,90,15,덫을 설치한 상자를 상대에게 건네어 공격한다. HP가 회복돼 버릴 때도 있다.
플래시,노말,변화,0,100,20,눈이 부신 빛으로 상대의 명중률을 1랭크 떨어뜨린다.
필살앞니,노말,물리,80,90,15,날카로운 앞니로 강하게 물어서 공격한다. 10% 확률로 상대를 풀죽게 만든다.
하이퍼드릴,노말,물리,100,100,5,뾰족한 신체 부위를 급속도로 회전시켜 관통한다. 방어나 판별 등도 무시할 수 있다.
하이퍼보이스,노말,특수,90,100,10,시끄럽게 울리는 큰 진동을 상대에게 전달하여 공격한다.
하품,노말,변화,0,0,10,큰 하품으로 졸음을 유도한다. 다음 턴에 상대를 잠듦 상태로 만든다.
할퀴기,노말,물리,40,100,35,날카로운 발톱으로 할퀸다.
해피타임,노말,변화,0,0,30,해피타임 기술을 쓰면 배틀 후에 받을 수 있는 돈이 배가 된다.
헤롱헤롱,노말,변화,0,100,15,수컷은 암컷을 암컷은 수컷을 유혹하여 헤롱헤롱하게 만든다. 상대가 기술을 쓰기 힘들어진다. 대상의 성별이 같거나 둔감 특성이면 실패한다.
화풀이,노말,물리,0,100,20,불만을 풀기 위해 전력으로 상대를 공격한다. 친밀하지 않을수록 위력이 올라간다.
회생의기도,노말,변화,0,0,1,자애로운 마음으로 기도를 하여 기절한 교대 포켓몬을 HP가 절반인 상태로 부활시킨다.
휘감기,노말,물리,10,100,35,촉수나 덩굴 등을 휘감아서 공격한다. 10% 확률로 상대의 스피드를 떨어뜨린다.
흉내내기,노말,변화,0,0,10,상대가 마지막에 사용한 기술을 배틀을 하는 동안 자신의 기술로 만들 수 있다.
흉내쟁이,노말,변화,0,0,20,직전에 나온 기술을 흉내 내어 같은 기술을 쓴다. 기술이 나오지 않았으면 실패한다.
흔들흔들댄스,노말,변화,0,100,20,흔들흔들 댄스를 춰서 주위에 있는 모두를 혼란 상태로 만든다.
희망사항,노말,변화,0,0,10,다음 턴에 자신 또는 교체한 포켓몬의 HP를 최대 HP의 1/2만큼 회복한다.
힘껏치기,노말,물리,80,75,20,긴 꼬리나 덩굴 등을 사용해 상대를 힘껏 쳐서 공격한다.
녹기,독,변화,0,0,20,세포의 변화로 액체가 되어 자신의 방어를 2랭크 올린다.
더스트슈트,독,물리,120,80,5,더러운 쓰레기를 상대에게 부딪쳐서 공격한다. 30% 확률로 상대를 독 상태로 만든다.
독가루,독,변화,0,75,35,독이 있는 가루를 많이 흩뿌려서 상대를 독 상태로 만든다.
독가스,독,변화,0,90,40,독가스를 상대의 얼굴에 내뿜어 독 상태로 만든다.
독실,독,변화,0,100,20,독이 섞인 실을 뿜어낸다. 상대를 독 상태로 만들고 스피드를 1랭크 떨어뜨린다.
독압정,독,변화,0,0,20,상대의 발밑에 독 압정을 뿌린다. 교체로 나온 상대 포켓몬에게 독을 퍼지게 하며 2번 깔았을 경우 맹독을 퍼지게 한다. 독타입 포켓몬이 밟으면 제거되며 부유 특성이나 비행타입 포켓몬은 압정을 밟지 않는다.
독찌르기,독,물리,80,100,20,독에 물든 촉수나 팔로 상대를 힘껏 꿰찌른다. 30% 확률로 상대를 독 상태로 만든다.
독침,독,물리,15,100,35,독이 있는 침을 상대에게 꿰찔러서 공격한다. 30% 확률로 상대를 독 상태로 만든다.
독침천발,독,물리,60,100,10,무수히 많은 독침으로 공격한다. 30% 확률로 상대를 독 상태로 만든다. 상대가 독/맹독 상태인 경우 위력이 2배가 된다.
똬리틀기,독,변화,0,0,20,똬리를 틀어서 집중한다. 자신의 공격과 방어와 명중률을 1랭크 올린다.
맹독,독,변화,0,90,10,상대를 맹독의 상태로 만든다. 턴이 진행될수록 독의 데미지가 증가한다.
맹독엄니,독,물리,50,100,15,독이 있는 이빨로 상대를 물어서 공격한다. 50% 확률로 상대를 맹독 상태로 만든다.
베놈쇼크,독,특수,65,100,10,특수한 독액을 끼얹는다. 독 상태의 상대에게는 위력이 2배가 된다.
베놈트랩,독,변화,0,100,20,"특수한 독액을 끼얹는다. 독 상태인 상대는 공격, 특수공격, 스피드가 1랭크 떨어진다."
부식가스,독,변화,0,100,40,주위에 있는 모든 것을 강력한 산성 가스로 뒤덮어서 지니고 있는 도구를 녹여버린다.
셸암즈,독,특수,90,100,10,물리와 특수 중 더 많은 데미지를 줄 수 있는 능력으로 공격한다. 10% 확률로 상대를 독 상태로 만든다.
스모그,독,특수,30,70,20,더러운 가스를 상대에게 내뿜어 공격한다. 40% 확률로 상대를 독 상태로 만든다.
악독사슬,독,특수,100,100,5,독으로 된 사슬로 상대를 휘감은 뒤 독소를 흘려보내어 해치운다. 50% 확률로 상대를 맹독 상태로 만든다.
애시드봄,독,특수,40,100,20,상대를 녹이는 액체를 토해내서 공격한다. 상대의 특수방어를 2랭크 떨어뜨린다.
오물공격,독,특수,65,100,20,더러운 오물을 상대에게 내던져서 공격한다. 30%의 확률로 독 상태로 만든다.
오물웨이브,독,특수,95,100,10,오물 파도로 자신의 주위에 있는 포켓몬을 공격한다. 10%의 확률로 독 상태로 만든다.
오물폭탄,독,특수,90,100,10,더러운 오물을 상대에게 내던져서 공격한다. 30%의 확률로 독 상태로 만든다.
용해액,독,특수,40,100,30,강한 산을 상대에게 끼얹어 공격한다. 10% 확률로 상대의 특수방어를 1랭크 떨어뜨린다.
위액,독,변화,0,100,10,상대의 몸에 위액을 내뱉는다. 달라붙은 위액은 상대의 특성 효과를 지운다.
정화,독,변화,0,0,10,상대의 상태 이상을 회복한다. 회복하면 자신의 HP를 회복할 수 있다.
크로스포이즌,독,물리,70,100,20,상대를 베어 가른다. 10% 확률로 상대를 독 상태로 만들거나 급소에 맞을 확률이 높다.
클리어스모그,독,특수,50,0,15,특수한 진흙 덩어리를 상대에게 내던져서 공격한다. 능력 변화를 원래대로 돌린다.
킬러스핀,독,물리,30,100,15,"회전해서 상대를 공격한다. 조이기, 김밥말이, 씨뿌리기 등의 효과를 날려 버린다. 상대를 독 상태로 만든다."
토치카,독,변화,0,0,10,상대의 공격을 막음과 동시에 접촉한 상대에게 독을 퍼뜨린다.
트림,독,특수,120,90,10,상대를 향해 트림을 하여 데미지를 준다. 나무열매를 먹지 않으면 쓸 수 없다.
페이탈클로,독,물리,80,100,15,"치명적인 손톱으로 공격한다. 50% 확률로 상대를 독, 마비, 잠듦 중 하나의 상태로 만든다."
포이즌액셀,독,물리,100,100,10,30% 확률로 상대를 독 상태로 만든다.
포이즌테일,독,물리,50,100,25,꼬리로 때린다. 10% 확률로 상대를 독 상태로 만들거나 급소에 맞을 확률이 높다.
공간절단,드래곤,특수,100,95,5,주위의 공간과 더불어 상대를 찢어서 데미지를 준다. 급소에 맞기 쉽다.
다이맥스포,드래곤,특수,100,100,5,체내에서 응축한 에너지를 코어를 통해 발사해서 공격한다. 상대가 다이맥스 중이면 데미지가 2배가 된다.
대검돌격,드래곤,물리,120,100,5,몸을 내던지는 무모한 돌격. 기술을 사용한 다음 상대의 공격이 반드시 명중하고 데미지를 2배로 입게 된다.
더블촙,드래곤,물리,40,90,15,몸의 단단한 부분으로 상대를 때려 공격한다. 2회 연속으로 데미지를 준다.
드래곤다이브,드래곤,물리,100,75,10,굉장한 살기로 위압하면서 몸통박치기한다. 20% 확률로 상대를 풀죽게 만든다. 대상이 작아지기를 사용했었다면 필중하며 데미지가 2배다.
드래곤애로,드래곤,물리,50,100,10,드라꼰으로 2번 공격한다. 상대가 2마리일 때는 각각 1번씩 공격한다.
드래곤에너지,드래곤,특수,150,100,5,생명력을 파워로 바꿔서 상대를 공격한다. 자신의 HP가 적을수록 기술의 위력이 떨어진다.
드래곤옐,드래곤,변화,0,0,15,용의 북돋움으로 사기를 높여서 같은 편의 기술이 급소에 맞기 쉬워진다. 드래곤타입이면 더욱더 사기가 북돋는다.
드래곤클로,드래곤,물리,80,100,15,날카롭고 뾰족하며 거대한 발톱으로 상대를 베어 갈라서 공격한다.
드래곤테일,드래곤,물리,60,90,10,상대를 튕겨내서 교대할 포켓몬을 끌어낸다. 야생의 경우에는 배틀이 끝난다.
드래곤해머,드래곤,물리,90,100,15,몸을 해머처럼 써서 상대를 덮쳐 데미지를 준다.
무한다이빔,드래곤,특수,160,90,5,본래의 모습이 된 무한다이노 최대의 공격. 사용 후 1턴 간 움직일 수 없다.
변덕레이저,드래곤,특수,80,100,5,광선을 발사해서 공격한다. 30%의 확률로 다른 머리도 협력해서 레이저를 발사하여 위력이 2배가 된다.
소울비트,드래곤,변화,0,0,5,"자신의 HP를 1/3 깎아서 공격, 방어, 특수공격, 특수방어, 스피드를 1랭크 올린다."
스케일노이즈,드래곤,특수,110,100,5,전신의 비늘을 비벼서 큰 소리를 내 공격한다. 공격 후 자신의 방어가 1랭크 떨어진다.
스케일샷,드래곤,물리,25,90,20,비늘을 쏘아서 공격한다. 2-5회 동안 연속으로 쓴다. 스피드가 1랭크 올라가지만 방어가 1랭크 떨어진다.
스간의포효,드래곤,특수,150,90,5,시간이 뒤틀릴 정도의 힘을 사용해서 상대를 공격한다. 다음 턴은 움직일 수 없다.
역린,드래곤,물리,120,100,10,2-3턴 동안 마구 난동 부려서 공격한다. 난동 부린 뒤에는 혼란에 빠진다.
와이드브레이커,드래곤,물리,60,100,15,강인한 꼬리를 세차게 휘둘러서 상대를 공격한다. 상대의 공격을 1랭크 떨어뜨린다.
용성군,드래곤,특수,130,90,5,천공에서 운석을 떨어뜨린다. 사용하면 반동으로 자신의 특수공격이 2랭크 떨어진다.
용의분노,드래곤,특수,0,100,20,분노의 충격파를 상대에게 부딪쳐서 공격한다. 언제나 40의 데미지를 준다.
용의숨결,드래곤,특수,60,100,20,굉장한 숨결을 상대에게 내뿜어 공격한다. 30%의 확률로 상대를 마비 상태로 만든다.
용의춤,드래곤,변화,0,0,20,신비롭고 힘센 춤을 격렬하게 춘다. 자신의 공격과 스피드를 1랭크 올린다.
용의파동,드래곤,특수,85,100,10,큰 입으로 충격파를 일으켜서 상대를 공격한다.
코어퍼니셔,드래곤,특수,100,100,10,데미지를 준 상대가 이미 행동을 끝냈다면 상대의 특성을 없애버린다.
한판내기,드래곤,물리,80,100,10,"멋들어진 몸놀림으로 공격한다. 입속에 싸리용이 있으면 싸리용의 모습에 따라 공격, 방어, 스피드 중 하나의 능력이 1랭크 올라간다."
회오리,드래곤,특수,40,100,20,"회오리를 일으켜 상대를 끌어들여 공격한다. 20% 확률로 상대를 풀죽게 만든다. 공중날기, 뛰어오르기, 프리폴을 시전 중인 상대에겐 2배의 데미지를 준다."
10만마력,땅,물리,95,95,10,온몸을 써서 상대를 맹렬히 공격한다.
구멍파기,땅,물리,80,100,10,1턴째에 땅속으로 파고들어 2턴째에 상대를 공격한다.
그라운드포스,땅,물리,90,100,10,대지의 힘을 모으고 그 힘을 상대에게 집중시켜서 데미지를 준다.
단애의칼,땅,물리,120,85,10,대지의 힘을 칼날로 바꿔 상대를 공격한다.
대지의힘,땅,특수,90,100,10,상대의 발밑에 대지의 힘을 방출한다. 10%의 확률로 상대의 특수방어를 1랭크 떨어뜨린다.
드릴라이너,땅,물리,80,95,10,드릴처럼 몸을 회전시켜서 상대에게 몸통박치기한다. 급소에 맞기 쉽다.
들이받기,땅,물리,120,100,5,온 힘을 다한 몸통박치기를 날린다. 자신의 방어와 특수방어가 1랭크 떨어진다.
땅가르기,땅,물리,0,30,5,땅이 갈라진 곳에 상대를 떨어뜨려 공격한다. 맞으면 일격에 기절한다.
땅고르기,땅,물리,60,100,20,땅을 힘껏 밟아 자신의 주위에 있는 포켓몬을 공격한다. 상대의 스피드를 1랭크 떨어뜨린다.
매그니튜드,땅,물리,0,100,30,땅을 흔들어서 자신의 주위에 있는 포켓몬을 공격한다. 기술의 위력이 여러모로 바뀐다.
머드샷,땅,특수,55,95,15,진흙 덩어리를 상대에게 내던져서 공격한다. 상대의 스피드를 1랭크 떨어뜨린다.
모래모으기,땅,변화,0,0,5,자신의 최대 HP의 절반을 회복한다. 모래바람일 때는 최대 HP의 2/3을 회복한다.
모래뿌리기,땅,변화,0,100,15,상대의 얼굴에 모래를 뿌려서 명중률을 1랭크 떨어뜨린다.
모래지옥,땅,물리,35,85,15,세차게 불어대는 모래바람 속에 4-5턴 동안 상대를 가두어 공격한다.
본러시,땅,물리,25,90,10,단단한 뼈로 상대를 세게 때려서 공격한다. 2-5회 동안 연속으로 쓴다.
분함의발구르기,땅,물리,75,100,10,분함을 발판삼아 공격한다. 앞 턴에서 기술이 빗나갔다면 위력이 2배가 된다.
뼈다귀부메랑,땅,물리,50,90,10,손에 들고 있는 뼈를 상대에게 날려서 날아갈 때와 돌아올 때 2회 연속 데미지를 준다.
뼈다귀치기,땅,물리,65,85,20,손에 들고 있는 뼈로 상대를 세게 때려서 공격한다. 10% 확률로 상대를 풀죽게 만든다.
사우전드애로,땅,물리,90,100,10,떠 있는 포켓몬도 맞힐 수 있다. 떠 있던 상대는 맞아서 땅에 떨어진다.
사우전드웨이브,땅,물리,90,100,10,땅 위를 뻗어 나가는 파도로 공격한다. 파도에 휩쓸린 상대는 전투에서 도망칠 수 없게 된다.
압정뿌리기,땅,변화,0,0,20,"상대의 발밑에 압정을 뿌린다. 교체된 상대 포켓몬에게 데미지를 준다. 1중첩 시 최대 HP의 1/8, 2중첩 시 1/6, 3중첩 시 1/4만큼의 데미지를 입힌다. 부유 특성이나 비행타입 포켓몬은 압정을 밟지 않는다."
열사의대지,땅,특수,70,100,10,뜨겁게 달궈진 모래를 상대에게 부딪쳐서 공격한다. 30% 확률로 상대를 화상 상태로 만든다.
열사의폭풍,땅,특수,100,80,10,뜨겁게 달궈진 모래와 강렬한 바람으로 상대를 둘러싸서 공격한다. 30% 확률로 상대를 화상 상태로 만든다.
일구기,땅,변화,0,0,10,땅을 일구어 초목이 자라기 쉽게 한다. 풀타입의 공격과 특수공격이 1랭크 오른다.
지진,땅,물리,100,100,10,지진의 충격으로 자신의 주위에 있는 포켓몬을 공격한다. 구멍파기 중인 대상에게는 데미지가 2배다.
진흙뿌리기,땅,특수,20,100,10,상대의 얼굴 등에 진흙을 내던져서 공격한다. 명중률이 1랭크 떨어뜨린다.
진흙폭탄,땅,특수,65,85,10,단단한 진흙구슬을 상대에게 발사하여 공격한다. 30% 확률로 명중률을 떨어뜨린다.
흙놀이,땅,변화,0,0,15,주위를 진흙투성이로 만든다. 5턴 동안 전기타입의 기술을 약하게 한다.
거품,물,특수,40,100,30,매우 많은 거품을 상대에게 내뿜어 공격한다. 10% 확률로 상대의 스피드를 1랭크 떨어뜨린다.
거품광선,물,특수,65,100,20,거품을 기세 좋게 발사하여 공격한다. 10% 확률로 상대의 스피드를 1랭크 떨어뜨린다.
근원의파동,물,특수,110,85,10,파랗게 빛나는 무수한 광선으로 모든 상대를 공격한다.
껍질끼우기,물,물리,35,85,15,매우 튼튼하고 두꺼운 껍질에 4-5턴 동안 상대를 끼워서 공격한다.
껍질에숨기,물,변화,0,0,40,껍질에 숨어 몸을 보호하여 자신의 방어를 1랭크 올린다.
노려맞히기,물,특수,80,100,15,상대의 기술을 끌어모으는 특성이나 기술의 영향을 무시하고 선택한 상대를 공격할 수 있다. 급소에 맞을 확률이 높다.
다이빙,물,물리,80,100,10,1턴째에 잠수했다가 2턴째에 떠올라 공격한다. 깊은 바다에서 잠수도 할 수 있다.
대포무노포,물,특수,65,85,10,상대의 얼굴 등에 먹물을 내뿜어 공격한다. 50% 확률로 상대의 명중률을 떨어뜨린다.
물거품아리아,물,특수,90,100,10,노래 부르는 것으로 많은 벌룬을 방출한다. 기술에 맞으면 화상이 낫는다.
물놀이,물,변화,0,0,15,주위를 물로 흠뻑 젖게 만든다. 5턴 동안 불꽃타입의 기술을 약하게 한다.
물대포,물,특수,40,100,25,물을 기세 좋게 상대에게 발사하여 공격한다.
물붓기,물,변화,0,0,20,많은 물을 끼얹어서 대상을 단일 물 타입으로 바꾼다.
물수리검,물,특수,15,100,20,점액으로 만든 수리검을 2-5회 연속으로 던진다. 반드시 선제공격할 수 있다.
물의맹세,물,특수,80,100,10,물기둥으로 공격한다. 불꽃과 조합하면 위력이 올라가고 하늘에 무지개가 걸린다.
물의파동,물,특수,60,100,20,물의 진동을 상대에게 가하여 공격한다. 20% 확률로 상대를 혼란 상태로 만든다.
바다회오리,물,특수,35,85,15,세차게 소용돌이치는 물속에 4-5턴 동안 상대를 가두어 공격한다.
비바라기,물,변화,0,0,5,5턴 동안 비를 내리게 해서 물타입 기술의 위력을 올린다.
생명의물방울,물,변화,0,0,10,신비한 물을 흩뿌려서 자신과 배틀에 나와 있는 같은 편의 HP를 회복한다.
셸블레이드,물,물리,75,95,15,날카로운 조개껍질로 베어 공격한다. 50% 확률로 상대의 방어를 1랭크 떨어뜨린다.
소금물,물,특수,65,100,10,상대의 HP의 절반 정도 상처를 입고 있으면 기술의 위력이 2배가 된다.
수류연타,물,물리,25,100,5,물의 태세가 극에 달하여 물 흐르듯 3회의 연격을 날린다. 반드시 급소에 맞는다.
스팀버스트,물,특수,110,95,5,상대에게 굉장히 뜨거운 증기를 뿜는다. 30%의 확률로 상대를 화상 상태로 만든다. 사용자 또는 대상의 얼음을 치료한다.
아가미물기,물,물리,85,100,10,단단한 아가미로 문다. 상대보다 먼저 공격하면 기술의 위력은 2배가 된다.
아쿠아링,물,변화,0,0,20,몸 주변을 물로 만든 베일로 덮는다. 매 턴마다 최대 HP의 1/16을 회복한다.
아쿠아브레이크,물,물리,85,100,10,물의 힘으로 상대에게 부딪쳐서 공격한다. 20% 확률로 상대의 방어를 1랭크 떨어뜨린다.
아쿠아스텝,물,물리,80,100,10,물 흐르듯 민첩하고 경쾌한 발재간으로 상대를 농락하여 데미지를 준다. 자신의 스피드를 1랭크 올린다.
아쿠아제트,물,물리,40,100,20,눈에 보이지 않는 굉장한 속도로 상대에게 돌진한다. 반드시 선제 공격을 할 수 있다.
아쿠아커터,물,물리,70,100,20,압력을 가한 물을 칼날처럼 분사해서 상대를 베어 가른다. 급소에 맞기 쉽다.
아쿠아테일,물,물리,90,90,10,세차게 날뛰는 거친 파도와 같이 큰 꼬리를 흔들어서 공격한다.
열탕,물,특수,80,100,15,뜨겁게 끓어오르는 물을 상대에게 발사해서 공격한다. 30% 확률로 상대를 화상 상태로 만든다.
웨이브태클,물,물리,120,100,10,물을 두루고 온몸으로 상대에게 부딪친다. 자신도 대상에게 준 피해의 1/3만큼 반동 피해를 받는다.
제트펀치,물,물리,60,100,15,거센 물살을 주먹에 둘러 눈에 보이지 않는 속도로 펀치를 날린다. 반드시 선제공격할 수 있다.
집게해머,물,물리,100,90,10,큰 집게를 상대에게 내리쳐서 공격한다. 급소에 맞을 확률이 높다.
찬물끼얹기,물,특수,50,100,20,상대의 기운이 빠질 정도로 차가운 물을 끼얹어서 공격한다. 상대의 공격을 1랭크 떨어뜨린다.
퀵턴,물,물리,60,100,20,공격한 뒤 굉장한 스피드로 돌아와서 교대 포켓몬과 교체한다.
탁류,물,특수,90,85,10,탁해진 물을 상대에게 발사하여 공격한다. 30% 확률로 상대의 명중률을 1랭크 떨어뜨린다.
트리플다이브,물,물리,30,95,10,호흡이 척척 맞게 다이빙해서 상대에게 물보라를 끼얹는다. 3회 연속으로 데미지를 준다.
파도타기,물,특수,90,100,15,큰 파도를 일으켜 주위에 있는 모든 포켓몬을 공격한다. 다이빙 중인 상대에겐 위력이 2배다.
폭포오르기,물,물리,80,100,15,굉장한 기세로 상대에게 돌진한다. 20%의 확률로 상대를 풀죽게 만들 때가 있다.
하이드로스팀,물,특수,80,100,15,펄펄 긇는 물을 기세 좋게 뿜어낸다. 햇살이 강할 때 기술의 위력이 떨어지기는커녕 1.5배가 된다.
하이드로캐논,물,특수,150,90,5,물의 대포를 상대에게 발사하여 공격한다. 사용 후 1턴 간 행동할 수 없다.
하이드로펌프,물,특수,110,80,5,대량의 물을 세찬 기세로 상대에게 발사하여 공격한다.
해수스파우팅,물,특수,150,100,5,바닷물을 내뿜어 공격한다. 자신의 HP가 적을수록 기술의 위력이 떨어진다.
구르기,바위,물리,30,90,20,5턴 동안 구르기를 반복하여 공격한다. 기술이 맞을 떄마다 위력이 올라간다.
다이아스톰,바위,물리,100,95,5,다이아 폭풍을 일으켜 데미지를 준다. 50% 확률로 자신의 방어를 2랭크 올린다.
돌떨구기,바위,물리,50,90,15,작은 바위를 들어올려 상대에게 내던져서 공격한다.
떨어뜨리기,바위,물리,50,100,15,돌이나 구슬을 던져서 날고 있는 상대를 공격한다. 맞은 상대는 땅에 떨어진다.
록블라스트,바위,물리,25,90,10,단단한 암석을 상대에게 발사하여 공격한다. 2-5회 동안 연속으로 쓴다.
록커트,바위,변화,0,0,20,몸을 닦아 공기의 저항을 적게 한다. 스피드를 2랭크 올릴 수 있다.
메테오빔,바위,특수,120,90,10,1턴째에 우주의 힘을 모아서 특수공격을 1랭크 올리고 2턴째에 상대를 공격한다.
모래바람,바위,변화,0,0,10,"5턴 동안 모래바람을 일으켜 바위, 땅, 강철타입 이외의 상대에게 데미지를 준다."
소금절이,바위,물리,40,100,15,상대를 소금절이 상태로 만들어 매 턴 최대 체력의 1/8의 데미지를 준다. 강철타입이나 물타입에게는 매턴 최대 체력의 1/4의 데미지를 준다.
스텔스록,바위,변화,0,0,20,상대의 주위에 무수한 바위를 띄워 교체되어 나온 상대 포켓몬에게 데미지를 준다. 교체되어 나온 포켓몬의 바위타입 상성에 따라 데미지가 달라진다.
스톤샤워,바위,물리,75,90,10,큰 바위를 세차게 부딪쳐서 공격한다. 30% 확률로 상대를 풀죽게 만든다.
스톤에지,바위,물리,100,80,5,뾰족한 바위를 상대에게 꿰찔러서 공격한다. 급소에 맞을 확률이 높다.
암석봉인,바위,물리,60,95,15,암석을 내던져서 공격한다. 상대의 움직임을 봉인함으로 스피드를 1랭크 떨어뜨린다.
암석액스,바위,물리,65,90,15,암석 도끼로 공격한다. 흩어진 암석 파편은 상대의 주위에 떠다니게 된다.
암석포,바위,물리,150,90,5,거대한 바위를 상대에게 발사하여 공격한다. 다음 턴은 움직일 수 없게 된다.
액셀록,바위,물리,40,100,20,재빠른 스피드로 상대에게 부딪쳐서 공격한다. 반드시 선제공격할 수 있다.
양날박치기,바위,물리,150,80,5,목숨을 걸고 풀파워로 박치기를 한다. 자신도 대상에게 준 피해의 1/2만큼 반동 피해를 받는다.
와이드가드,바위,변화,0,0,10,같은 편 전원에게 향하는 공격을 1턴 동안 막는다.
원시의힘,바위,특수,60,100,5,원시의 힘으로 공격한다. 10% 확률로 자신의 모든 능력이 1랭크 오른다.
타르샷,바위,변화,0,0,10,끈적끈적한 타르를 날려서 상대의 스피드를 1랭크 떨어뜨린다. 상대는 불꽃이 약점이 된다.
파워젬,바위,특수,80,100,20,보석처럼 반짝이는 빛을 발사해서 상대를 공격한다.
파워풀에지,바위,물리,95,100,5,머리에 축적된 빛으로 절단한다. 방어하고 있어도 공격은 맞는다.
거미집,벌레,변화,0,0,10,끈적끈적하고 가는 실을 칭칭 휘감아 상대를 배틀에서 도망칠 수 없게 한다.
공격지령,벌레,물리,90,100,15,부하를 불러내어 상대를 향해서 공격시킨다. 급소에 맞을 확률이 높다.
꽃가루경단,벌레,특수,90,100,15,상대에게는 폭발하는 경단을 사용하여 공격한다. 같은 편에게는 회복하는 경단을 준다.
끈적끈적네트,벌레,변화,0,0,20,상대의 주위에 끈적끈적한 네트를 둘러 펼쳐 교체되어 나온 상대의 스피드를 1랭크 떨어뜨린다. 부유 특성이나 비행타입 포켓몬은 네트를 밟지 않는다.
나비춤,벌레,변화,0,0,20,신비롭고 아름다운 춤을 경쾌하게 춘다. 자신의 특수공격과 특수방어와 스피드를 1랭크 올린다.
달려들기,벌레,물리,50,100,20,상대에게 달려들어 공격한다. 상대의 스피드를 1랭크 떨어뜨린다.
더블니들,벌레,물리,25,100,20,2개의 침을 상대에게 꿰찔러 공격한다. 2회 연속으로 공격한다. 20% 확률로 독 상태로 만든다.
덤벼들기,벌레,물리,80,100,15,전력으로 상대에게 덤벼들며 공격한다. 상대의 공격을 1랭크 떨어뜨린다.
마지막일침,벌레,물리,50,100,25,이 기술을 사용하여 상대를 쓰러뜨리면 공격이 3랭크 오른다.
만나자마자,벌레,물리,90,100,10,위력이 높은 기술이지만 배틀에 나가서 바로 쓰지 않으면 성공할 수 없다.
메가혼,벌레,물리,120,85,10,단단하고 훌륭한 뿔로 마음껏 상대를 꿰찔러서 공격한다.
바늘미사일,벌레,물리,25,95,20,날카로운 침을 상대에게 발사해서 공격한다. 2-5회 동안 연속으로 쓴다.
반딧불,벌레,변화,0,0,20,깜빡거리는 빛을 바라보고 정신을 통일하여 자신의 특수공격을 3랭크 올린다.
방어지령,벌레,변화,0,0,10,부하를 불러내어 자신의 몸을 뒤덮게 한다. 자신의 방어와 특수방어를 1랭크 올린다.
벌레먹기,벌레,물리,60,100,20,물어서 공격한다. 상대가 나무열매를 지니고 있을 때 먹어서 나무열매의 효과를 받을 수 있다.
벌레의야단법석,벌레,특수,90,100,10,진동으로 음파를 일으켜서 공격한다. 10% 확률로 상대의 특수방어를 1랭크 떨어뜨린다.
벌레의저항,벌레,특수,50,100,20,저항해서 상대를 공격한다. 상대의 특수공격을 1랭크 떨어뜨린다.
분노가루,벌레,변화,0,0,20,상대를 자극하는 가루를 자신에게 뿌려서 주의를 끈다. 상대의 공격은 모두 자신에게 향한다.
분진,벌레,변화,0,0,20,분진을 뒤집어쓴 상대가 불꽃 기술을 쓰면 폭발하여 데미지를 준다.
스레드트랩,벌레,변화,0,0,10,상대의 공격을 막음과 동시에 방에 태세를 갖춘다. 접촉한 대상의 스피드를 1랭크 내린다. 연속으로 사용하면 실패하기 쉽다.
시그널빔,벌레,특수,75,100,15,이상한 빛을 발사해서 공격한다. 10% 확률로 상대를 혼란시킨다.
시저크로스,벌레,물리,80,100,15,낫이나 발톱을 가위처럼 교차시키면서 상대를 베어 가른다.
실뿜기,벌레,변화,0,95,40,입에서 뿜어낸 실을 휘감아서 상대의 스피드를 2랭크 떨어뜨린다.
엄습하는일격,벌레,물리,70,90,10,배후에서 엄습해서 공격한다. 상대의 특수공격을 1랭크 떨어뜨린다.
엉겨붙기,벌레,특수,20,100,35,4-5턴 동안 상대에게 엉겨 붙어서 공격한다. 그동안 상대는 도망갈 수 없다.
연속자르기,벌레,물리,40,95,20,낫이나 발톱 등으로 상대를 베어 공격한다. 연속으로 맞히면 위력이 올라간다.
유턴,벌레,물리,70,100,20,공격한 뒤 굉장한 스피드로 돌아와서 교대 포켓몬과 교체한다.
은빛바람,벌레,특수,60,100,15,바람에 날개 가루를 날려서 공격한다. 10% 확률로 자신의 모든 능력이 1랭크 올라간다.
하드롤러,벌레,물리,65,100,20,둥글게 뭉친 몸을 회전하여 상대를 뭉개 버린다. 30% 확률로 상대를 풀죽게 만든다. 대상이 작아지기를 사용했다면 필중하며 데미지가 2배다.
회복지령,벌레,변화,0,0,10,부하를 불러내어 상처를 회복한다. 최대 HP의 절반만큼 자신의 HP를 회복한다.
흡혈,벌레,물리,80,100,10,피를 빨아서 상대를 공격한다. 준 데미지의 1/2을 HP로 회복한다.
V제너레이트,불꽃,물리,180,95,5,"작열하는 불꽃을 이마에서 발생시켜 이판사판으로 몸통박치기한다. 자신의 방어, 특수방어, 스피드가 1랭크 떨어진다."
깜짝헤드,불꽃,특수,150,100,5,자신의 머리를 폭발시켜 주위의 모든 것을 공격한다. 자신도 최대 HP의 1/2만큼 데미지를 받는다.
니트로차지,불꽃,물리,50,100,20,불꽃을 둘러 상대를 공격한다. 힘을 모아서 자신의 스피드를 1랭크 올린다.
대격분,불꽃,물리,120,100,10,2-3턴 동안 불꽃을 마구 뿜어 대며 난동을 부린다. 난동 부린 뒤에는 혼란에 빠진다.
도깨비불,불꽃,변화,0,85,15,으스스하고 괴상한 불꽃을 쏘아 상대를 화상 상태로 만든다.
마그마스톰,불꽃,특수,100,75,5,세차게 타오르는 불꽃 속에 4-5턴 동안 상대를 가두어 공격한다.
매지컬플레임,불꽃,특수,75,100,10,입에서 내뱉는 아주 뜨거운 불꽃으로 공격한다. 상대의 특수공격을 1랭크 떨어뜨린다.
번액셀,불꽃,물리,80,100,10,30% 확률로 상대를 화상 상태로 만든다.
분연,불꽃,특수,80,100,15,새빨간 불꽃으로 주위에 있는 모두 공격한다. 30% 확률로 상대를 화상 상태로 만들 때가 있다.
분화,불꽃,특수,150,100,5,분노를 폭발시켜 공격한다. 자신의 HP가 적을수록 기술의 위력이 떨어진다.
불꽃세례,불꽃,특수,40,100,25,작은 불꽃을 상대에게 발사하여 공격한다. 10% 확률로 상대를 화상 상태로 만든다. 얼음 상태이상을 해제한다.
불꽃엄니,불꽃,물리,65,95,15,불꽃을 두른 이빨로 문다. 10% 확률로 상대를 풀죽게 하거나 화상 상태로 만든다.
불꽃의맹세,불꽃,특수,80,100,10,불꽃기둥으로 공격한다. 풀과 조합하면 위력이 올라가고 주위가 불바다가 된다.
불꽃채찍,불꽃,물리,80,100,15,불타는 채찍으로 상대를 친다. 공격을 받은 상대는 방어가 1랭크 떨어진다.
불꽃춤,불꽃,특수,80,100,10,불꽃을 두른 날개를 쳐서 공격한다. 50% 확률로 자신의 특수공격이 1랭크 올라간다.
불꽃튀기기,불꽃,특수,70,100,15,맞으면 튀는 불꽃으로 상대를 공격한다. 튕긴 불꽃은 옆의 상대에게도 쏟아진다.
불꽃펀치,불꽃,물리,75,100,15,불꽃을 담은 펀치로 상대를 공격한다. 10% 확률로 상대를 화상 상태로 만든다.
불대문자,불꽃,특수,110,85,5,큰대자의 불꽃으로 상대를 불태운다. 10%의 확률로 상대를 화상 상태로 만든다.
불사르기,불꽃,특수,130,100,5,전신의 불꽃을 모두 태워서 큰 데미지를 준다. 사용자의 불꽃 타입이 없어진다. 사용자가 이미 불꽃 타입이 아니면 실패한다. 대상의 얼음을 치료한다.
불태우기,불꽃,특수,60,100,15,불꽃으로 상대를 공격한다. 상대가 나무열매 등을 지니고 있을 때 불태워서 쓸 수 없게 만든다.
블라스트번,불꽃,특수,150,90,5,폭발하는 불꽃으로 상대를 태워서 공격한다. 사용 후 1턴 간 행동할 수 없다.
블레이즈킥,불꽃,물리,85,90,15,10% 확률로 상대를 화상 상태로 만든다. 급소에 맞을 확률이 높다.
성스러운불꽃,불꽃,물리,100,95,5,신비한 불꽃으로 상대를 태워서 공격한다. 50% 확률로 상대를 화상 상태로 만든다.
아머캐논,불꽃,특수,120,100,5,자신의 갑옷을 활활 타오르는 탄환으로 발사해서 공격한다. 자신의 방어와 특수방어가 1랭크 떨어진다.
연옥,불꽃,특수,100,50,5,격렬한 불꽃으로 상대를 둘러싸 공격한다. 화상 상태로 만든다.
열불내기,불꽃,물리,75,100,10,자포자기하는 기세로 공격한다. 앞 턴에서 기술이 빗나갔다면 위력이 2배가 된다.
열풍,불꽃,특수,95,90,10,뜨거운 숨결을 상대에게 내뿜어 공격한다. 10% 확률로 상대를 화상 상태로 만든다.
오버히트,불꽃,특수,130,90,5,풀 파워로 상대를 공격한다. 쓰면 반동으로 자신의 특수공격이 2랭크 떨어진다.
원념의칼,불꽃,물리,90,100,10,현세의 미련을 칼끝에 담아 베어 버린다. 입힌 데미지의 절반에 해당하는 HP를 회복할 수 있다.
질투의불꽃,불꽃,특수,70,100,5,질투의 에너지로 상대를 공격한다. 그 턴에 능력이 올라간 포켓몬을 화상 상태로 만든다.
쾌청,불꽃,변화,0,0,5,5턴 동안 햇살을 강하게 해서 불꽃타입 기술의 위력을 올린다.
크로스플레임,불꽃,특수,100,100,5,거대한 불꽃을 내리친다. 거대한 천둥의 영향을 받아 기술의 위력이 올라간다.
트랩셸,불꽃,특수,150,100,5,껍질의 트랩을 설치한다. 상대가 물리 기술을 쓰면 폭발해서 데미지를 준다.
푸른불꽃,불꽃,특수,130,85,5,아름다우면서도 격렬한 푸른불꽃으로 상대를 둘러싸서 공격한다. 20% 확률로 상대를 화상 상태로 만든다.
플레어드라이브,불꽃,물리,120,100,15,불꽃을 두르고 돌진한다. 자신도 대상에게 준 피해의 1/3만큼 반동 피해를 받는다. 10%의 확률로 상대를 화상 상태로 만든다.
플레어송,불꽃,특수,80,100,10,"활활 타오르는 불꽃을 노래하듯 뿜어서 상대를 태워 버린다. 자신의 특수공격을 1랭크 올린다.,"
화염바퀴,불꽃,물리,60,100,25,불꽃을 둘러 상대에게 돌진 공격한다. 10% 확률로 상대를 화상 상태로 만든다.
화염방사,불꽃,특수,90,100,15,세찬 불꽃을 상대에게 발사해서 공격한다. 10% 확률로 상대를 화상 상태로 만든다.
화염볼,불꽃,물리,120,90,5,작은 돌을 태운 불꽃의 공으로 상대로 공격한다. 사용자 및 대상의 얼음을 치료한다. 10%의 확률로 상대를 화상 상태로 만든다.
화염의수호,불꽃,변화,0,0,10,상대의 공격을 초고열의 털로 방어하는 동시에 접촉한 상대에게 화상 상태로 만든다.
화염탄,불꽃,특수,100,100,5,새빨간 불꽃으로 자신의 주위에 있는 모든 포켓몬을 공격한다. 30% 확률로 대상을 화상 상태로 만든다. 대상의 얼음을 치료한다.
회오리불꽃,불꽃,특수,35,85,15,세차게 소용돌이치는 불꽃 속에 4-5턴 동안 상대를 가두어 공격한다.
히트스탬프,불꽃,물리,0,100,10,불타는 몸으로 상대에게 부딪쳐서 공격한다. 자신이 상대보다 무거울수록 위력이 올라간다.
공중날기,비행,물리,90,95,15,1턴째는 하늘을 날아 2턴째에 상대를 공격한다.
깃털댄스,비행,변화,0,100,15,깃털을 흩뿌려 상대의 몸에 휘감는다. 상대의 공격을 2랭크 떨어뜨린다.
날개쉬기,비행,변화,0,0,5,땅에 내려와 몸을 쉬게 한다. 사용자의 최대 HP의 절반만큼 HP를 회복한다. 사용한 턴 동안 사용자의 비행타입이 없어진다. 단일 비행타입 또는 노말/비행의 경우 노말타입이 된다.
날개치기,비행,물리,60,100,35,크게 펼친 훌륭한 날개를 상대에게 부딪쳐서 공격한다.
더블윙,비행,물리,40,90,10,날개를 상대에게 부딪쳐서 공격한다. 2회 연속으로 데미지를 준다.
데스윙,비행,특수,80,100,10,조준한 상대로부터 HP를 흡수한다. 준 데미지의 3/4만큼 HP를 회복한다.
따라하기,비행,변화,0,0,20,상대가 사용한 기술을 흉내 내어 자신도 똑같은 기술을 쓴다.
뛰어오르기,비행,물리,85,85,5,하늘 높이 뛰어올라 2턴째에 상대를 공격한다. 30% 확률로 상대를 마비 상태로 만든다.
바람일으키기,비행,특수,40,100,35,날개로 일으킨 격한 바람을 상대에게 부딪쳐서 공격한다.
부리캐논,비행,물리,100,100,15,먼저 부리를 가열시킨 다음 공격을 날린다. 가열 중에 접촉기로 공격하면 화상을 입는다.
불새,비행,물리,140,90,5,2턴째에 상대를 공격한다. 30% 확률로 풀죽게 만든다. 급소에 맞을 확률이 높다.
브레이브버드,비행,물리,120,100,20,날개를 접어 저공비행으로 돌격한다. 자신도 대상에게 준 피해의 1/3만큼 반동 피해를 받는다.
수다,비행,특수,65,100,20,매우 시끄럽고 수다스러운 음파로 상대를 공격한다. 상대를 혼란시킨다.
순풍,비행,변화,0,0,15,세차게 불어대는 바람의 소용돌이를 만들어 4턴 동안 같은 편 모두의 스피드를 올린다.
안개제거,비행,변화,0,0,15,강한 바람으로 상대의 리플렉터나 빛의장막 등을 제거한다. 회피율도 1랭크 떨어뜨린다.
애크러뱃,비행,물리,55,100,15,경쾌하게 상대를 공격한다. 자신이 도구를 지니고 있지 않을 때 큰 데미지를 준다.
에어로블라스트,비행,특수,100,95,5,공기의 소용돌이를 발사하여 공격한다. 급소에 맞기 쉽다.
에어슬래시,비행,특수,75,95,15,하늘까지 베어 가르는 공기의 칼날로 공격한다. 30% 확률로 상대를 풀죽게 만든다.
에어커터,비행,특수,60,95,25,날카로운 바람으로 상대를 베어 공격한다. 급소에 맞을 확률이 높다.
제비반환,비행,물리,60,0,20,재빠른 움직임으로 상대를 농락해 벤다. 공격은 반드시 명중한다.
쪼기,비행,물리,35,100,35,날카롭고 뾰족한 부리나 뿔로 상대를 쪼아서 공격한다.
쪼아대기,비행,물리,60,100,20,부리로 공격한다. 상대가 나무열매를 지니고 있을 때 쪼아서 나무열매의 효과를 받을 수 있다.
찬바람폭풍,비행,특수,100,80,10,심신을 모두 떨게 만드는 차갑고도 거친 바람으로 공격한다. 30% 확률로 상대의 스피드를 1랭크 떨어뜨린다.
폭풍,비행,특수,110,70,10,강렬한 바람으로 상대를 둘러싸서 공격한다. 30% 확률로 상대를 혼란 상태로 만든다.
프리폴,비행,물리,60,100,10,1턴째에 상대를 하늘로 끌고 가서 2턴째에 떨어뜨려 공격한다. 끌려간 상대는 움직일 수 없다.
화룡점정,비행,물리,120,100,5,넓은 하늘에서 급속으로 강하하여 상대를 공격한다. 자신의 방어와 특수방어가 떨어진다.
회전부리,비행,물리,80,100,20,회전하면서 뾰족한 부리를 상대에게 꿰찔러 공격한다.
DD래리어트,악,물리,85,100,10,양팔을 돌려 상대에게 부딪친다. 상대의 능력 변화에 상관없이 데미지를 준다.
가로채기,악,변화,0,0,10,상대가 사용하려고 한 회복 기술이나 능력 변화의 기술을 빼앗아 자신에게 쓴다.
거짓울음,악,변화,0,100,20,우는 척을 하며 눈물을 흘린다. 난처하게 만들어 상대의 특수방어를 2랭크 떨어뜨린다.
금제,악,변화,0,100,15,지니게 한 도구를 5턴 동안 쓸 수 없게 한다. 트레이너도 그 포켓몬에게는 도구를 쓸 수 없다.
기습,악,물리,70,100,5,상대보다 먼적 공격할 수 있다. 상대가 쓴 기술이 공격기술이 아니면 실패한다.
기어오르기,악,물리,20,100,10,자신의 강함을 뻐기고 공격한다. 자신의 능력이 올라가 있는 만큼 위력이 오른다.
깜짝베기,악,물리,70,100,15,순간적으로 빈틈을 노려 상대를 베어 버린다. 급소에 맞을 확률이 높다.
깨물어부수기,악,물리,80,100,15,날카로운 이빨로 상대를 깨물어 부숴서 공격한다. 20% 확률로 상대의 방어를 1랭크 떨어뜨린다.
나쁜음모,악,변화,0,0,20,나쁜 일을 생각해서 머리를 활성화시킨다. 자신의 특수공격을 2랭크 올린다.
나이트버스트,악,특수,85,95,10,암흑의 충격파를 날려서 상대를 공격한다. 40% 확률로 명중률을 1랭크 떨어뜨린다.
내던지기,악,물리,0,100,10,지니게 한 도구를 재빠르게 내던져서 공격한다. 도구에 따라 위력과 효과가 바뀐다.
다크액셀,악,물리,80,100,10,30% 확률로 상대를 잠듦 상태로 만든다.
다크홀,악,변화,0,50,10,암흑의 세계로 끌고 가서 떨어뜨려 상대를 잠듦 상태로 만든다. 다크라이가 아닌 포켓몬이 사용하면 실패한다.
도각참,악,물리,85,0,10,머리를 조아려 상대를 방심하게 만든 뒤에 베어 버린다. 공격은 반드시 명중한다.
도둑질,악,물리,60,100,25,공격과 동시에 도구를 훔친다. 자신이 도구를 지니고 있을 경우에는 훔칠 수 없다.
도발,악,변화,0,100,20,상대를 화나게 한다. 3턴 동안 상대는 데미지를 주는 기술밖에 쓸 수 없게 된다.
뒤집어엎기,악,변화,0,100,20,상대에게 걸려 있는 모든 능력 변화를 뒤집어서 반대로 만든다.
따라가때리기,악,물리,40,100,20,상대 포켓몬이 교체될 때 기술을 쓰면 2배의 위력으로 공격할 수 있다.
막말내뱉기,악,변화,0,100,20,막말을 내뱉어 상대를 위협하여 공격과 특수공격을 1랭크 떨어뜨린 후 교대 포켓몬과 교체한다.
물고버티기,악,물리,80,100,10,어느 한쪽이 기절할 때까지 교체할 수 없게 된다. 한쪽의 포켓몬이 없어지면 효과가 사라진다.
물기,악,물리,60,100,25,날카롭고 뾰족한 이빨로 물어서 공격한다. 30% 확룰로 상대를 풀죽게 만든다.
바크아웃,악,특수,55,95,15,호되게 호통을 쳐서 상대의 특수공격을 1랭크 떨어뜨린다.
바꿔치기,악,변화,0,100,10,눈에 보이지 않는 속도로 자신과 상대가 지닌 물건을 교환한다.
보복,악,물리,50,100,10,모아서 공격한다. 상대보다 뒤에 공격할 수 있으면 기술의 위력은 2배가 된다.
부추기기,악,변화,0,100,15,상대를 부추겨서 혼란시킨다. 동시에 상대의 특수공격도 1랭크 올라가 버린다.
분풀이,악,물리,75,100,5,상대에 대한 울분이 담긴 공격을 한다. 그 턴에 능력이 떨어져 있으면 기술의 위력이 2배가 된다.
블로킹,악,변화,0,0,10,상대의 공격을 전혀 받지 않는다. 연속으로 쓰면 실패하기 쉽다. 접촉한 상대의 방어를 2랭크 떨어뜨린다.
비검천중파,악,물리,65,90,15,조개껍질 검으로 급소를 노려 공격한다. 조개껍질 파편은 압정이 되어 상대의 발밑에 흩어진다.
사죄의찌르기,악,물리,80,0,10,고개를 숙이는 척하면서 흐트러진 머리카락으로 찌른다. 공격은 반드시 명중한다.
세차게휘두르기,악,물리,60,100,20,자신의 몸을 세차게 휘둘러서 상대에게 데미지를 준다.
속여때리기,악,물리,60,0,20,슬금슬금 상대에게 다가가 방심한 틈을 타서 세게 때린다. 공격은 반드시 명중한다.
속임수,악,물리,95,100,15,상대의 힘을 이용한다. 싸우고 있는 상대의 공격이 높을수록 데미지가 올라간다.
손톱갈기,악,변화,0,0,15,손톱을 갈아 날카롭게 한다. 자신의 공격과 명중률을 1랭크 올린다.
순서미루기,악,변화,0,100,15,상대를 억눌러서 행동의 순서를 마지막으로 만든다.
승부굳히기,악,물리,60,100,15,그 턴에 상대가 이미 데미지를 입었다면 기술의 위력은 2배가 된다.
악의파동,악,특수,80,100,15,몸에서 악의로 가득한 무서운 오라를 발한다. 20% 확률로 상대를 풀죽게 만든다.
암흑강타,악,물리,75,100,5,악의 태세가 극에 달하여 강렬한 일격을 날린다. 반드시 급소에 맞는다.
앙갚음,악,물리,0,100,10,기술을 쓰기 전에 마지막으로 받은 기술의 데미지를 1.5배 늘려서 기술을 쓴 상대에게 돌려준다.
이차원러시,악,물리,100,0,5,많은 팔로 방어와 판별 등을 무시하는 연속 공격이다. 자신의 방어가 1랭크 떨어진다.
지옥찌르기,악,물리,80,100,15,이 기술에 맞은 상대는 지옥의 고통 때문에 2턴 동안 소리 기술을 낼 수 없다.
집단구타,악,물리,0,100,10,같은 편 전원이 공격한다. 동료 포켓몬이 많을수록 기술의 공격 횟수가 증가한다.
추억의선물,악,변화,0,100,15,자신은 기절하게 되지만 그 대신 상대의 공격과 특수공격을 2랭크 떨어뜨린다.
카타스트로피,악,특수,0,90,10,파멸적인 재앙에 휩쓸리게 하여 상대의 HP를 절반으로 만든다.
타오르는분노,악,특수,80,100,10,분노를 불꽃 같은 오라로 바꿔서 주위에 있는 모든 적을 공격한다. 20%의 확률로 상대를 풀죽게 만든다.
탁쳐서떨구기,악,물리,65,100,15,상대의 지닌 물건을 탁 쳐서 떨어뜨려 배틀이 끝날 때까지 사용할 수 없게 한다. 물건을 가진 상대에게는 데미지를 더 준다.
트집,악,변화,0,100,15,상대에게 트집을 잡아서 똑같은 기술을 2회 연속으로 쓸 수 없게 한다.
혼내기,악,물리,0,100,5,능력 변화로 상대가 파워 업 한 만큼 기술의 위력이 올라간다.
고드름떨구기,얼음,물리,85,90,10,큰 고드름을 격렬하게 부딪쳐서 공격한다. 30% 확률로 상대를 풀죽게 만든다.
고드름침,얼음,물리,25,100,30,날카로운 고드름을 상대에게 발사하여 공격한다. 2-5회 동안 연속으로 쓴다.
냉동빔,얼음,특수,90,100,10,냉동빔을 상대에게 발사하여 공격한다. 10% 확률로 상대를 얼음 상태로 만든다.
냉동펀치,얼음,물리,75,100,15,냉기를 담은 펀치로 상대를 공격한다. 10%의 확률로 상대를 얼음 상태로 만든다.
눈보라,얼음,특수,110,70,5,세찬 눈보라를 모든 상대에게 내뿜어 공격한다. 10% 확률로 상대를 얼음 상태로 만든다. 눈이 내리면 반드시 명중한다.
눈사태,얼음,물리,60,100,10,상대로부터 기술을 받으면 그 상대에 대해서 기술의 위력이 2배가 된다.
눈싸라기,얼음,특수,40,100,25,차가운 가랑눈을 상대에게 내뿜어 공격한다. 10% 확률로 상대를 얼음 상태로 만든다.
블리자드랜스,얼음,물리,120,100,5,눈보라를 두른 얼음의 창을 상대에게 던져서 공격한다.
빙산바람,얼음,물리,100,85,10,빙산처럼 커다란 얼음덩어리를 부딪쳐서 공격한다. 30%의 확률로 상대를 풀죽게 만든다.
설경,얼음,변화,0,0,10,5턴 동안 눈을 내리게 한다. 얼음타입의 방어가 올라간다.
싸라기눈,얼음,변화,0,0,10,5턴 동안 싸라기눈을 내리게 해서 얼음타입이 아닌 포켓몬 모두에게 데미지를 준다.
썰렁개그,얼음,변화,0,0,10,자리를 얼어붙게 만드는 개그를 하고 교대 포켓몬과 교체한다. 5턴 동안 눈을 내리게 한다.
아이스볼,얼음,물리,30,90,20,5턴 동안 계속 굴러서 공격한다. 기술이 맞을 때마다 위력이 올라간다.
아이스스피너,얼음,물리,80,100,15,발에 얇은 얼음을 두르고 빙글빙글 회전하며 부딪친다. 회전 운동에 의해 필드가 파괴된다.
아이스해머,얼음,물리,100,90,10,강하고 무거운 주먹을 휘둘러 데미지를 준다. 자신의 스피드가 1랭크 떨어진다.
얼어붙은바람,얼음,특수,55,95,15,차가운 냉기를 상대에게 내뿜어 공격한다. 상대의 스피드를 1랭크 떨어뜨린다.
얼어붙은세계,얼음,특수,65,95,10,차가운 냉기를 상대에게 내뿜어 공격한다. 상대의 스피드를 1랭크 떨어뜨린다.
얼음뭉치,얼음,물리,40,100,30,얼음 덩어리를 순식간에 만들어 재빠르게 쏜다. 반드시 선제공격할 수 있다.
얼음숨결,얼음,특수,60,90,10,차가운 숨결을 상대에게 내뿜어 공격한다. 반드시 급소에 맞는다.
얼음엄니,얼음,물리,65,95,15,냉기를 품은 이빨로 문다. 10% 확률로 상대를 풀죽게 하거나 얼음 상태로 만든다.
오로라베일,얼음,변화,0,0,20,5턴 동안 물리와 특수 기술의 데미지를 약하게 한다. 설경일 때만 쓸 수 있다.
오로라빔,얼음,특수,65,100,20,무지개색의 빔을 상대에게 발사하여 공격한다. 10% 확률로 상대의 공격을 1랭크 떨어뜨린다.
절대영도,얼음,특수,0,30,5,절대영도의 추위로 상대를 공격한다. 맞으면 일격에 기절한다.
콜드플레어,얼음,특수,140,90,5,모든 것을 얼려버리는 격렬한 냉기로 2턴째에 상대를 둘러싼다. 30% 확률로 상대를 화상 상태로 만든다.
트리플악셀,얼음,물리,20,90,10,3회 연속으로 킥을 날려 공격한다. 기술이 맞을 때마다 위력이 올라간다.
프리즈드라이,얼음,특수,70,100,20,상대를 급격히 차갑게 하여 10% 확률로 얼음 상태로 만든다. 물타입 포켓몬에게도 효과가 굉장해진다.
프리즈볼트,얼음,물리,140,90,5,전기를 두른 얼음덩어리로 2턴째에 상태를 내리친다. 30% 확률로 상대를 마비상태로 만든다.
흑안개,얼음,변화,0,0,30,흑안개를 뿜어 배틀에 참가 중인 포켓몬 전원의 능력 변화를 원래대로 돌린다.
흰안개,얼음,변화,0,0,30,하얀 안개로 몸을 덮는다. 5턴 동안 상대에 의해 능력이 떨어지지 않게 된다.
가드셰어,에스퍼,변화,0,0,10,초능력으로 자신과 상대의 방어와 특수방어를 더해서 반으로 나눈다.
가드스왑,에스퍼,변화,0,0,10,초능력으로 자신과 상대의 방어와 특수방어의 능력 변화를 교체한다.
고속이동,에스퍼,변화,0,0,30,힘을 빼고 몸을 가볍게 해서 고속으로 움직인다. 자신의 스피드를 2랭크 올린다.
꿈먹기,에스퍼,특수,100,100,15,잠자고 있는 상대의 꿈을 먹어 공격한다. 데미지의 절반을 HP로 회복한다.
러스터퍼지,에스퍼,특수,95,100,5,눈부신 빛을 발산하여 공격한다. 50% 확률로 상대의 특수방어를 1랭크 떨어뜨린다.
루미나콜리전,에스퍼,특수,80,100,10,정신에도 작용하는 기묘한 빛을 발산해서 공격한다. 상대의 특수방어를 2랭크 떨어뜨린다.
리플렉터,에스퍼,변화,0,100,20,5턴 동안 이상한 장막을 쳐서 상대로부터 받는 물리공격의 데미지를 약하게 한다.
마법가루,에스퍼,변화,0,100,20,마법가루를 날려서 상대를 단일 에스퍼 타입으로 바꾼다.
망각술,에스퍼,변화,0,0,20,머리를 비워서 순간적으로 무언가를 잊어버림으로써 자신의 특수방어를 2랭크 올린다.
매직룸,에스퍼,변화,0,0,10,이상한 공간을 만든다. 5턴 동안 모든 포켓몬의 도구의 효과가 사라진다.
매직코트,에스퍼,변화,0,100,20,"상태이상이나 능력을 떨어뜨리는 기술, 씨뿌리기 등을 썼을 때 상대에게 되받아친다."
명상,에스퍼,변화,0,0,20,조용히 정신을 통일하고 마음을 가라앉혀서 자신의 특수공격과 특수방어를 1랭크 올린다.
미라클아이,에스퍼,변화,0,0,40,악타입에 효과가 없는 기술이나 회피율이 높은 상대라 할지라도 공격이 맞게 된다.
미래예지,에스퍼,특수,120,100,15,기술을 사용한 2턴 뒤에 상대에게 염동력의 덩어리를 보내어 공격한다. 방어 계열 기술을 무시한다.
미러코트,에스퍼,특수,0,100,20,상대에게 받은 특수공격의 데미지를 2배로 만들어 그 상대에게 돌려준다.
미스트볼,에스퍼,특수,95,100,5,안개의 깃털로 둘러싸 공격한다. 상대의 특수공격을 떨어뜨릴 때가 있다.
배리어,에스퍼,변화,0,0,20,튼튼한 장막을 만들어 자신의 방어를 2랭크 올린다.
배리어러시,에스퍼,물리,70,90,10,사념의 에너지를 두른 채로 상대에게 부딪친다. 자신의 방어를 1랭크 올린다.
봉인,에스퍼,변화,0,0,10,상대가 자신과 같은 기술을 배웠다면 상대만 그 기술을 사용할 수 없게 한다.
브레이브차지,에스퍼,변화,0,0,10,기운을 고조시켜서 자신의 상태 이상을 회복하고 특수공격과 특수방어를 1랭크 올린다.
빛의장막,에스퍼,변화,0,100,30,5턴 동안 이상한 장막을 쳐서 상대로부터 받는 특수공격의 데미지를 약하게 한다.
사념의박치기,에스퍼,물리,80,90,15,사념의 힘을 이마에 모아서 공격한다. 20%의 확률로 상대를 풀죽게 만든다.
사이드체인지,에스퍼,변화,0,0,15,아군 중 하나와 자리를 바꾼다. 연속으로 사용 시 실패하기 쉽다.
사이코노이즈,에스퍼,특수,75,100,5,불쾌한 음파를 상대에게 날려서 공격한다. 2턴 동안 상대는 기술이나 특성 또는 지니고 있는 도구로 HP를 회복할 수 없게 된다.
사이코부스트,에스퍼,특수,140,90,5,풀 파워로 상대를 공격한다. 사용하면 반동으로 자신의 특수공격이 2랭크 떨어진다.
사이코브레이크,에스퍼,특수,100,100,10,이상한 염력파를 실체화하여 상대를 공격한다. 물리적인 데미지를 준다.
사이코블레이드,에스퍼,물리,80,100,15,실체가 없는 칼날로 상대를 베어 가른다. 일렉트릭필드 위에 있을 때 기술의 위력이 1.5배가 된다.
사이코쇼크,에스퍼,특수,80,100,10,이상한 염력파를 실체화하여 상대를 공격한다. 물리적인 데미지를 준다.
사이코시프트,에스퍼,변화,0,100,10,초능력으로 암시를 걸어서 자신에게 걸려 있는 상태 이상을 상대에게 옮긴다.
사이코웨이브,에스퍼,특수,0,100,10,이상한 염력파를 상대에게 발사하여 공격한다. 사용할 때마다 데미지가 바뀐다.
사이코커터,에스퍼,물리,70,100,20,실체화시킨 마음의 칼날로 상대를 베어 가른다. 급소에 맞을 확률이 높다.
사이코키네시스,에스퍼,특수,90,100,10,강한 염동력을 상대에게 보내어 공격한다. 10% 확률로 상대의 특수방어를 1랭크 떨어뜨린다.
사이코팽,에스퍼,물리,85,100,10,사이코 파워로 물어서 상대를 공격한다. 빛의장막이나 리플렉터도 파괴할 수 있다.
사이코필드,에스퍼,변화,0,0,10,5턴 동안 발 밑을 사이코필드로 만든다. 땅에 있으면 선제공격을 받지 않는다.
섬뜩한주문,에스퍼,특수,80,100,5,강력한 사이코 파워로 공격한다. 상대가 마지막으로 사용한 기술의 PP를 3만큼 줄인다.
순간이동,에스퍼,변화,0,0,20,"교대 포켓몬과 교체한다. 야생 포켓몬과 배틀할 때, 배틀을 그만둔다."
숟가락휘기,에스퍼,변화,0,0,15,숟가락을 휘어서 주의를 끌어 상대의 명중률을 1랭크 낮춘다.
스킬스왑,에스퍼,변화,0,0,10,초능력으로 자신의 특성과 상대의 특성을 바꾼다.
스피드스왑,에스퍼,변화,0,0,10,상대의 스피드와 자신의 스피드를 교체한다.
신비의힘,에스퍼,특수,70,90,10,신비한 힘으로 자신을 강화한다. 자신의 특수공격이 올라간다.
신통력,에스퍼,특수,80,100,20,보이지 않는 이상한 힘을 보내어 공격한다. 10% 확률로 상대를 풀죽게 만든다.
싱크로노이즈,에스퍼,특수,120,100,10,이상한 전파로 주위에 있는 자신과 같은 타입의 포켓몬에게 데미지를 준다.
어시스트파워,에스퍼,특수,20,100,10,축적된 파워로 상대를 공격한다. 자신의 능력이 올라가 있는 만큼 위력이 오른다.
얼어붙는시선,에스퍼,특수,90,100,10,두 눈에서 사이코 파워를 발사해서 공격한다. 10%의 확률로 상대를 얼음 상태로 만든다.
역할,에스퍼,변화,0,0,10,상대의 역할을 하여 자신도 상대와 같은 특성으로 변화한다.
염동력,에스퍼,특수,50,100,25,약한 염동력을 상대에게 보내어 공격한다. 10% 확률로 상대를 혼란시킨다.
오라윙,에스퍼,특수,80,100,10,오라로 강화한 날개로 베어 가른다. 급소에 맞기 쉽다. 자신의 스피드를 1랭크 올린다.
와이드포스,에스퍼,특수,80,100,10,사이코 파워로 상대를 공격한다. 사이코필드일 때는 위력이 120으로 오르며 모든 상대에게 데미지를 준다.
요가포즈,에스퍼,변화,0,0,40,잠자던 힘을 몸속에서 끌어내어 자신의 공격을 1랭크 올린다.
원더룸,에스퍼,변화,0,0,10,이상한 공간을 만든다. 5턴 동안 모든 포켓몬의 방어와 특수방어가 바뀐다.
이차원홀,에스퍼,특수,80,0,5,이차원홀로 갑자기 상대 바로 옆에 나타나 공격한다. 방어나 판별 등도 무시할 수 있다.
잠자기,에스퍼,변화,0,0,5,2턴 동안 계속 잠잔다. 자신의 HP와 상태 이상을 모두 회복한다.
중력,에스퍼,변화,0,0,5,5턴 동안 부유나 비행타입에 땅타입의 기술이 맞게 된다. 공중으로 나는 기술도 사용할 수 없다.
지휘,에스퍼,변화,0,0,20,상대에게 지시하여 상대가 쓴 기술을 다시 한번 쓰게 할 수 있다.
초승달의기도,에스퍼,변화,0,0,5,초승달에 기도를 하여 자신과 배틀에 나와있는 같은 편의 전체 HP의 1/4을 회복하고 모든 상태를 회복한다.
초승달춤,에스퍼,변화,0,0,10,자신은 기절하지만 교대하여 나오는 포켓몬의 모든 상태를 회복한다.
최면술,에스퍼,변화,0,60,20,졸음을 유도하는 암시를 걸어서 상대를 잠듦 상태로 만든다.
치유소원,에스퍼,변화,0,0,10,자신은 기절하지만 교대하여 나오는 포켓몬의 상태 이상과 HP를 회복한다.
치유파동,에스퍼,변화,0,0,10,치유파동을 날려서 최대 HP의 절반만큼 상대의 HP를 회복한다.
코스믹파워,에스퍼,변화,0,0,20,우주로부터 신비한 힘을 손에 넣음으로써 자신의 방어와 특수방어를 1랭크 올린다.
텔레키네시스,에스퍼,변화,0,0,15,초능력으로 상대를 띄운다. 3턴 동안 공격이 상대에게 맞기 쉬워진다. 중력이 발동 중이면 실패한다.
트릭,에스퍼,변화,0,100,10,상대의 빈틈을 노려 자신과 상대가 지닌 물건을 바꿔치기한다.
트릭룸,에스퍼,변화,0,0,5,이상한 공간을 만든다. 5턴 동안 느린 포켓몬부터 행동할 수 있다.
트윈빔,에스퍼,특수,40,100,10,두 눈에서 불가사의한 광선을 발사해서 공격한다. 2회 연속으로 데미지를 준다.
파워셰어,에스퍼,변화,0,0,10,초능력으로 자신과 상대의 공격과 특수공격을 더해서 반으로 나눈다.
파워스왑,에스퍼,변화,0,0,10,초능력으로 자신과 상대의 공격과 특수공격의 능력 변화를 교체한다.
파워트릭,에스퍼,변화,0,0,10,초능력으로 자신의 공격과 방어의 힘을 교환한다.
포톤가이저,에스퍼,특수,100,100,5,빛의 기둥으로 공격한다. 상대의 특성을 무시한다. 공격과 특수공격을 비교해서 높은 쪽으로 데미지를 준다.
프리즘레이저,에스퍼,특수,160,100,10,프리즘의 힘으로 강력한 광선을 발사한다. 다음 턴은 움직일 수 없다.
하트스왑,에스퍼,변화,0,0,10,초능력으로 자신과 상대에 걸려있는 능력 변화를 교체한다.
하트스탬프,에스퍼,물리,60,100,25,귀여운 모습으로 방심시켜서 강렬한 일격을 날린다. 30% 확률로 상대를 풀죽게 만든다.
환상빔,에스퍼,특수,65,100,20,이상한 광선을 상대에게 발사해서 공격한다. 10% 확률로 상대를 혼란시킨다.
회복봉인,에스퍼,변화,0,100,15,5턴 동안 기술이나 특성 지니고 있는 도구에 의한 HP 회복을 할 수 없게 한다.
10만볼트,전기,특수,90,100,15,강한 전격을 상대에게 날려서 공격한다. 10%의 확률로 상대를 마비 상태로 만든다.
괴전파,전기,변화,0,100,15,몸에서 발생시킨 괴전파를 상대에게 쏘아 특수공격을 2랭크 떨어뜨린다.
뇌격,전기,물리,130,85,5,방대한 전기를 몸에 둘러 상대에게 돌진해서 공격한다. 20% 확률로 상대를 마비 상태로 만든다.
라이징볼트,전기,특수,70,100,20,지면에서 올라오는 전격으로 공격한다. 상대가 일렉트릭필드 위에 있을 때 기술의 위력이 2배가 된다.
라이트닝드라이브,전기,특수,100,100,5,변형하며 초고속으로 달려서 미지의 전격으로 상대를 관통한다. 약점인 상대에게는 위력이 더욱 올라간다.
방전,전기,특수,80,100,15,눈부신 전격으로 주위에 있는 모두를 공격한다. 30% 확률로 상대를 마비 상태로 만든다.
번개,전기,특수,110,70,10,강한 번개를 상대에게 떨어뜨려 공격한다. 30%의 확률로 상대를 마비 상태로 만든다. 비가 내리면 반드시 명중한다.
번개엄니,전기,물리,65,95,15,전기를 모은 이빨로 문다. 10% 확률로 상대를 풀죽게 하거나 마비 상태로 만든다.
번개펀치,전기,물리,75,100,15,전격을 담은 펀치로 상대를 공격한다. 10% 확률로 상대를 마비 상태로 만든다.
번개폭풍,전기,특수,100,80,10,폭풍을 일으키고 뇌운을 불러서 번개와 바람으로 매섭게 공격한다. 20% 확률로 상대를 마비 상태로 만든다.
볼부비부비,전기,물리,20,100,20,전기가 흐르는 볼을 비벼서 공격한다. 상대를 마비 상태로 만든다.
볼트체인지,전기,특수,70,100,20,공격한 뒤 굉장한 스피드로 돌아와서 교대 포켓몬과 교체한다.
볼트태클,전기,물리,120,100,15,전기를 한데 모아 돌진한다. 자신도 대상에게 준 피해의 1/3만큼 반동 피해를 받는다. 10% 확률로 상대를 마비 상태로 만든다.
송전,전기,변화,0,0,15,상대가 기술을 쓰기 전에 송전하면 그 턴에 상대가 사용하는 기술은 전기타입이 된다.
스파크,전기,물리,65,100,20,전기를 둘러 돌진하여 공격한다. 30%의 확률로 상대를 마비 상태로 만든다.
썬더다이브,전기,물리,100,95,10,몸에 전기를 두르고 상대를 덮친다. 빗나가면 자신의 전체 HP의 1/2의 데미지를 입는다.
썬더프리즌,전기,특수,80,90,15,전기가 흐르는 우리 안에 4-5턴 동안 상대를 가두어 공격한다.
오라휠,전기,물리,110,100,10,볼주머니에 저장해 둔 에너지로 공격하고 자신의 스피드를 1랭크 올린다. 모르페코의 모습에 따라 타입이 바뀐다.
오버드라이브,전기,특수,80,100,10,기타나 베이스를 쳐서 큰 울림과 강한 진동을 상대에게 전달하여 공격한다.
와일드볼트,전기,물리,90,100,15,전기를 두르고 상대에게 부딪쳐 공격한다. 자신도 대상에게 준 피해의 1/4만큼 반동 피해를 받는다.
일렉트로빔,전기,특수,130,100,10,1턴째에 전기를 모아서 특수공격을 1랭크 올리고 2턴째에 전기를 발사한다. 비가 올 때는 1턴 만에 전기를 발사한다.
일렉트릭네트,전기,특수,55,95,15,전기 네트로 상대를 붙잡아서 공격한다. 상대의 스피드를 1랭크 떨어뜨린다.
일렉트릭볼,전기,특수,0,100,10,전기 덩어리를 상대에게 부딪쳐서 공격한다. 상대보다 스피드가 빠를수록 위력이 올라간다.
일렉트릭필드,전기,변화,0,0,10,5턴 동안 일렉트릭필드로 만든다. 땅에 있는 포켓몬은 잠들지 않는다. 전기타입의 위력이 올라간다.
자기장조작,전기,변화,0,0,20,"자기장 조작으로 인해 특성 플러나와 마이너스의 방어, 특수방어가 1랭크 오른다."
전격부리,전기,물리,85,100,10,전기를 두른 부리로 찌른다. 상대보다 먼저 공격하면 기술의 위력은 2배가 된다.
전격파,전기,특수,60,0,20,전격을 재빠르게 상대에게 날린다. 공격은 반드시 명중한다.
전광쌍격,전기,물리,120,100,5,전신의 전기를 모두 방출해서 큰 데미지를 준다. 사용자의 전기타입이 없어진다.
전기쇼크,전기,특수,40,100,30,전기 자극을 상대에게 날려서 공격한다. 10% 확률로 상대를 마비 상태로 만든다.
전기자석파,전기,변화,0,90,20,약한 전격을 날려서 상대를 마비 상태로 만든다.
잔자부유,전기,변화,0,0,10,전기로 만든 자력의 힘으로 허공에 뜬다. 5턴 동안 부유할 수 있다.
전자포,전기,특수,120,50,5,대포처럼 전기를 발사해서 공격한다. 상대를 반드시 마비 상태로 만든다.
질풍신뢰,전기,특수,70,100,5,상대보다 먼저 전격을 퍼붓는다. 상대가 쓴 기술이 공격기술이 아니면 실패한다.
찌리리따끔따끔,전기,물리,80,100,10,상대에게 부딪쳐 강력한 전기를 날려서 찌리리따끔따끔하게 만든다. 30%의 확률로 상대를 풀죽게 만든다.
차지빔,전기,특수,50,90,10,전격의 다발을 상대에게 발사한다. 전기를 모아서 70% 확률로 자신의 특수공격을 1랭크 올린다.
충전,전기,변화,0,0,20,다음 턴에 쓸 전기타입 기술의 위력이 2배가 된다. 자신의 특수방어도 1랭크 올라간다.
크로스썬더,전기,물리,100,100,5,거대한 천둥을 내리친다. 거대한 불꽃의 영향을 받아 기술의 위력이 올라간다.
파라볼라차지,전기,특수,65,100,20,주위에 있는 모든 포켓몬에게 데미지를 준다. 준 데미지의 절반을 자신이 회복한다.
플라스마샤워,전기,변화,0,0,25,전기를 띤 입자를 확산시켜 노말타입 기술을 전기타입으로 바꿔버린다.
플라스마피스트,전기,물리,100,100,25,전기를 두른 주먹으로 공격한다. 노말타입 기술을 전기타입으로 바꿔버린다.
달빛,페어리,변화,0,0,5,사용자의 HP를 회복한다. 날씨에 따라 회복량이 변한다.
데코레이션,페어리,변화,0,0,15,데코레이션을 해서 상대의 공격과 특수공격을 2랭크 올린다.
드레인키스,페어리,특수,50,100,10,키스로 상대의 HP를 흡수한다. 상대에게 준 데미지의 3/4만큼 자신의 HP를 회복한다.
매지컬샤인,페어리,특수,80,100,10,강력한 빛을 내어 상대에게 데미지를 준다.
매지컬액셀,페어리,물리,100,100,10,30% 확률로 상대를 혼란 상태로 만든다.
매혹의보이스,페어리,특수,80,100,10,천사와도 같은 노랫소리로 상대를 공격한다. 그 턴에 능력이 올라간 포켓몬을 혼란 상태로 만든다.
문포스,페어리,특수,95,100,15,달의 파워를 빌려서 상대를 공격한다. 30% 확률로 상대의 특수공격을 1랭크 떨어뜨린다.
미스트버스트,페어리,특수,100,100,5,자신의 주위에 있는 모두를 공격하지만 사용하면 기절한다. 미스트필드일 때 위력이 올라간다.
미스트필드,페어리,변화,0,0,10,5턴 동안 땅에 있으면 상태 이상이 되지 않고 드래곤타입 기술의 데미지도 절반이 된다.
봄의폭풍,페어리,특수,100,80,5,애증 섞인 강렬한 바람으로 상대를 둘러싸서 공격한다. 30% 확률로 상대의 공격을 떨어뜨린다.
소울크래시,페어리,물리,75,100,15,맞으면 기가 꺾여버릴 것 같은 기세로 공격한다. 상대의 특수공격을 1랭크 떨어뜨린다.
아로마미스트,페어리,변화,0,100,20,신비한 아로마 향으로 같은 편의 특수방어를 1랭크 올린다.
애교부리기,페어리,변화,0,100,20,귀엽게 바라보고 방심을 유도하여 대상의 공격을 2랭크 떨어뜨린다.
요정의바람,페어리,특수,40,100,30,요정의 바람을 일으켜 상대에게 몰아쳐서 공격한다.
원더스팀,페어리,특수,90,95,10,연기를 분출해서 상대를 공격한다. 20% 확률로 상대를 혼란시킨다.
자연의분노,페어리,특수,0,90,10,자연의 분노를 상대에게 부딪친다. 상대의 HP는 절반이 된다.
지오컨트롤,페어리,변화,0,0,10,"1턴째는 에너지를 흡수하여 2턴째에 특수공격, 특수방어, 스피드를 2랭크 올린다."
차밍보이스,페어리,특수,40,0,15,매혹적인 울음소리를 내어 상대에게 정신적 데미지를 준다. 공격은 반드시 명중한다.
천사의키스,페어리,변화,0,75,10,천사처럼 귀엽게 키스하여 상대를 혼란 상태로 만든다.
초롱초롱눈동자,페어리,변화,0,100,30,초롱초롱한 눈동자로 상대를 바라보며 공격을 1랭크 떨어뜨린다. 반드시 선제공격할 수 있다.
치근거리기,페어리,물리,90,90,10,상대에게 치근거리며 공격한다. 10% 확률로 상대의 공격을 떨어뜨린다.
트릭가드,페어리,변화,0,0,10,이상한 힘을 사용하여 같은 편을 공격하는 변화 기술을 막는다. 데미지 기술은 받는다.
파멸의빛,페어리,특수,140,90,5,영원의 꽃의 파워를 빌려서 강력한 광선을 쏜다. 자신도 상대에게 준 데미지의 1/2만큼 반동 피해를 받는다.
페어리록,페어리,변화,0,0,10,록을 걸어 다음 턴의 모든 포켓몬을 도망가지 못하게 한다.
플라워가드,페어리,변화,0,0,10,이상한 힘을 사용하여 배틀에 나와있는 모든 풀타입 포켓몬의 방어를 1랭크 올린다.
플라워힐,페어리,변화,0,0,10,최대 HP의 절반만큼 상대의 HP를 회복한다. 그래스필드일 때 효과가 올라간다.
플뢰르캐논,페어리,특수,130,90,5,강력한 빔을 발산한 후 자신의 특수공격이 2랭크 떨어진다.
G의힘,풀,물리,80,100,10,높은 곳에서 사과를 떨어뜨려서 데미지를 준다. 상대의 방어를 1랭크 떨어뜨린다. 중력이 강할 때 위력이 1.5배가 된다.
가지찌르기,풀,물리,40,100,40,날카롭고 뾰족한 가지로 상대를 찔러서 공격한다.
개척하기,풀,물리,50,100,20,풀숲에서 튀어나오듯이 공격한다. 경쾌한 발재간으로 자신의 스피드를 1랭크 올린다.
고민씨,풀,변화,0,100,10,마음을 괴롭히는 씨앗을 심는다. 상대를 잠잘 수 없게 해서 상대의 특성을 불면으로 만든다.
광합성,풀,변화,0,0,5,사용자의 HP를 회복한다. 날씨에 따라 회복량이 변한다.
그래스믹서,풀,특수,65,90,10,날카로운 잎사귀로 상대를 둘러싸서 공격한다. 50% 확률로 상대의 명중률을 1랭크 떨어뜨린다.
그래스슬라이더,풀,물리,55,100,20,지면에 미끄러지듯 상대를 공격한다. 그래스필드일 때 반드시 선제공격할 수 있다.
그래스필드,풀,변화,0,0,10,5턴 동안 그래스필드로 만든다. 땅에 있으면 매 턴 회복한다. 풀타입의 위력이 올라간다.
기가드레인,풀,특수,75,100,10,양분을 흡수하여 공격한다. 대상에게 준 데미지의 1/2만큼 체력을 회복한다.
꽃보라,풀,물리,90,100,15,세찬 꽃보라를 일으켜서 주위에 있는 포켓몬을 공격하여 데미지를 준다.
꽃잎댄스,풀,특수,120,100,10,2-3턴 동안 꽃을 흩뿌려서 공격한다. 흩뿌린 뒤에는 혼란에 빠진다.
나뭇잎,풀,물리,40,100,40,잎사귀를 상대에게 맞혀서 공격한다.
니들가드,풀,변화,0,0,10,상대의 공격을 막음과 동시에 접촉한 상대의 최대 체력의 1/8을 감소시킨다.
덩굴방망이,풀,물리,100,100,10,덩굴을 휘감은 방망이로 때린다. 쓰고 있는 가면에 따라 타입이 바뀐다. 급소에 맞기 쉽다.
덩굴채찍,풀,물리,45,100,25,채찍처럼 휘어지는 가늘고 긴 덩굴로 상대를 힘껏 쳐서 공격한다.
드럼어택,풀,물리,80,100,10,드럼 연주로 뿌리를 조종해서 공격한다. 상대의 스피드를 1랭크 떨어뜨린다.
리프블레이드,풀,물리,90,100,15,잎사귀를 칼처럼 이용해 상대를 베어 공격한다. 급소에 맞을 확률이 높다.
리프스톰,풀,특수,130,90,5,뾰족한 잎사귀로 상대에게 바람을 일으킨다. 사용하면 반동으로 자신의 특수공격이 2랭크 떨어진다.
매지컬리프,풀,특수,60,0,20,상대를 추적하는 이상한 잎사귀를 흩뿌린다. 대상이 숨지 않는 이상 반드시 명중한다.
메가드레인,풀,특수,40,100,10,양분을 흡수하여 공격한다. 상대에게 입힌 데미지의 절반에 해당하는 HP를 회복한다.
목화포자,풀,변화,0,100,40,솜처럼 푹신푹신한 포자를 착 달라붙게 해서 상대의 스피드를 2랭크 떨어뜨린다.
바늘팔,풀,물리,60,100,15,바늘팔을 세차게 흔들어 공격한다. 30% 확률로 상대를 풀죽게 만든다.
버섯포자,풀,변화,0,100,15,최면 효과가 있는 포자를 훌훌 흩뿌려서 상대를 잠듦 상태로 만든다.
뿌리박기,풀,변화,0,0,20,대지에 뿌리를 박아 매 턴마다 자신의 HP를 회복한다. 뿌리 박고 있으므로 교체할 수 없다.
사과산,풀,특수,80,100,10,새콤한 사과에서 만들어 낸 산성 액체로 공격한다. 상대의 특수방어를 1랭크 떨어뜨린다.
솔라블레이드,풀,물리,125,100,10,1턴째에 빛을 가득 모아 2턴째에 그 힘을 검에 담아 공격한다. 날씨가 맑을 때는 1턴 만에 공격한다.
솔라빔,풀,특수,120,100,10,1턴째에 빛을 가득 모아 2턴째에 빛의 다발을 발사하여 공격한다. 날씨가 맑을 때는 1턴 만에 공격한다. 다른 날씨에는 위력이 절반이 된다.
수면가루,풀,변화,0,75,15,잠이 오는 가루를 많이 흩뿌려서 상대를 잠듦 상태로 만든다.
숲의저주,풀,변화,0,100,20,상대에게 숲의 저주를 건다. 저주에 걸린 상대는 타입에 풀타입이 추가된다.
시드플레어,풀,특수,120,85,5,몸속에서 충격파를 발생시킨다. 40% 확률로 상대의 특수방어를 2랭크 떨어뜨린다.
시럽봄,풀,특수,60,85,10,상대에게 물엿을 발사해서 폭발시켜 공격한다. 상대의 물엿범벅 상태로 만들어 3턴 동안 매 턴 스피드를 1랭크씩 감소시킨다.
씨기관총,풀,물리,25,100,30,씨앗을 기세 좋게 상대에게 발사하여 공격한다. 2-5회 동안 연속으로 쓴다.
씨뿌리기,풀,변화,0,90,10,대상을 “씨뿌리기” 상태로 만든다. 사용한 쪽의 포켓몬은 이 상태에 걸린 포켓몬의 HP를 매 턴이 끝날 때마다 최대 HP의 1/8만큼 빼앗아 회복한다.
씨폭탄,풀,물리,80,100,15,단단한 껍질을 가지고 있는 큰 씨앗을 위에서 힘껏 내던져 상대를 공격한다.
아로마테라피,풀,변화,0,0,5,기분 좋은 평온한 향기를 맡게 하여 같은 편 모두의 상태 이상을 회복한다.
에너지볼,풀,특수,90,100,10,자연으로부터 모은 생명의 힘을 발사한다. 10% 확률로 상대의 특수방어를 1랭크 떨어뜨린다.
우드해머,풀,물리,120,100,15,단단한 몸통을 상대에게 부딪쳐서 공격한다. 자신도 대상에게 준 피해의 1/3만큼 반동 피해를 받는다.
우드혼,풀,물리,75,100,10,뿔을 꿰찔러서 상대의 양분을 흡수한다. 대상에게 준 데미지의 1/2만큼 체력을 회복한다.
잎날가르기,풀,물리,55,95,25,잎사귀를 날려 상대를 베어 공격한다. 급소에 맞을 확률이 높다. 인접한 모든 적을 공격한다.
저리가루,풀,변화,0,75,30,저리가루를 많이 흩뿌려서 상대를 마비 상태로 만든다.
정글힐,풀,변화,0,0,10,정글과 하나가 되어 자신과 배틀에 나와 있는 같은 편의 HP를 25% 회복하고 상태 이상을 치료한다.
집게덫,풀,물리,35,100,15,집게덫으로 붙잡은 뒤 4-5턴 동안 상대를 끼워서 움직임을 봉쇄한다.
코튼가드,풀,변화,0,0,10,푹신푹신한 솜털로 자신의 몸을 둘러싸서 지킨다. 자신의 방어를 3랭크 올린다.
클로로블라스트,풀,특수,150,95,5,엽록소를 모은 뒤 발사하여 공격한다. 사용자는 최대 HP의 1/2만큼 피해를 받는다.
트로피컬킥,풀,물리,70,100,15,남쪽 나라에서 유래된 뜨거운 킥을 상대에게 날린다. 상대의 공격을 1랭크 떨어뜨린다.
트릭플라워,풀,물리,70,0,10,숨겨진 장치가 있는 꽃다발을 상대에게 던져서 공격한다. 반드시 명중하며 급소에 맞는다.
파워휩,풀,물리,120,85,10,덩굴이나 촉수를 세차게 흔들어 상대를 힘껏 쳐서 공격한다.
풀묶기,풀,특수,0,100,10,풀을 휘감아서 상대를 쓰러뜨린다. 상대가 무거울수록 올라간다.
풀의맹세,풀,특수,80,100,10,풀기둥으로 공격한다. 물과 조합하면 위력이 올라가고 주변이 습지초원이 된다.
풀피리,풀,변화,0,55,15,기분 좋은 피리 소리를 들려주어 상대를 잠듦 상태로 만든다.
하드플랜트,풀,특수,150,90,5,큰 나무로 상대를 힘껏 쳐서 공격한다. 사용 후 1턴 간 행동할 수 없다.
하바네로엑기스,풀,변화,0,0,15,어마어마하게 매운 엑기스를 발사한다. 상대의 공격을 2랭크 오르게 하고 방어를 2랭크 낮춘다.
휘적휘적포,풀,특수,80,90,15,휘저은 차를 대포처럼 발사해 준 데미지의 절반을 HP로 회복한다. 20% 확률로 상대를 화상 상태로 만든다.
흡수,풀,특수,20,100,15,양분을 흡수하여 공격한다. 대상에게 준 데미지의 1/2만큼 체력을 회복한다.
힘흡수,풀,변화,0,100,10,상대 공격력과 동일하게 자신의 HP를 회복한다. 그리고 상대의 공격을 1랭크 떨어뜨린다.
